{"type":"FeatureCollection","name":"Kogi LGAs — OCHA HDX COD-AB","features":[{"type":"Feature","properties":{"lga_name":"Adavi","state_name":"Kogi","source":"OCHA/HDX COD-AB Nigeria v01 (OSGOF, Ehealth, UNCS)","lga_pcode":"NG023001","state_pcode":"NG023"},"geometry":{"type":"Polygon","coordinates":[[[6.69229467100007,7.781460126000184],[6.685675016000118,7.789538403000051],[6.669941978000054,7.7993806],[6.66197497700017,7.819923600000152],[6.652628038000159,7.833356107000156],[6.635490214000015,7.839637370000048],[6.619054905000041,7.847342584000046],[6.61045990000008,7.854388036000159],[6.603567926000039,7.858903243999976],[6.602783264000152,7.859071349000146],[6.584398154000041,7.869183056000054],[6.570581082000047,7.869692442000087],[6.569690250000065,7.866425424000113],[6.564174745000173,7.848040600000047],[6.561417017000053,7.839767350000102],[6.553520178000099,7.831870748000085],[6.551483757000085,7.831275929000185],[6.503218950000189,7.805386833000057],[6.483401715000184,7.786788536000131],[6.467865207000045,7.767508552000095],[6.439425974000187,7.760210191999988],[6.408139212000037,7.752889525000114],[6.401078173000144,7.744318158000112],[6.399769854000112,7.727976011000067],[6.40132572400006,7.70952379199997],[6.398558015000162,7.698141998000096],[6.391356096000152,7.682576040000185],[6.38216353700011,7.671545164000179],[6.377567195000097,7.664190642000051],[6.371132865999982,7.658675755000047],[6.360101827000051,7.643967575000033],[6.359844653000096,7.643562779000149],[6.343652804000044,7.635643075000132],[6.312094289000015,7.630611431000034],[6.283902132000037,7.618099099000176],[6.27492495600012,7.611429986000019],[6.275854353,7.607835468000133],[6.271929351000153,7.589498957999979],[6.266857362000167,7.583758911000132],[6.262369450000108,7.580424161999986],[6.252450242000066,7.579149714000096],[6.250041437000107,7.579431781000039],[6.241827826000076,7.591375050000124],[6.236066102000109,7.597333886000058],[6.232123141000102,7.601506060000133],[6.225497297000061,7.602356354000165],[6.21707525,7.601992535000136],[6.20176784500012,7.597074154999973],[6.198185168000066,7.59344543800006],[6.196736269000155,7.586231555000097],[6.195879564000052,7.580222574],[6.194102294000118,7.576607593000176],[6.181209997000167,7.570806495000113],[6.177018923000162,7.568073184000013],[6.173415885000111,7.567145175000064],[6.167382830000179,7.569199629000082],[6.164052673000072,7.571874785000091],[6.154390733000184,7.576302021000117],[6.126644027000168,7.572976230000165],[6.128799048000189,7.567436252000107],[6.129910893000101,7.564511802000027],[6.130442024000047,7.561010893],[6.132105766000052,7.556333995000102],[6.133570740000152,7.552076860000057],[6.138349193000181,7.550453156000174],[6.142948063000176,7.550999291000153],[6.146391785,7.550970975000098],[6.149836079000067,7.55094291],[6.153279797999971,7.550914789000103],[6.155569189000119,7.550313131000053],[6.160735191000185,7.55027116500014],[6.164177779000113,7.550241822000089],[6.165878762000091,7.548480091000101],[6.166984003000096,7.544972838000035],[6.165800183000044,7.54206785700012],[6.164695457000107,7.538316060000113],[6.173895386000083,7.54403961700001],[6.179293977999976,7.546181792000084],[6.183505355000023,7.54621411800008],[6.185909668000079,7.546532650000131],[6.188307057000145,7.547751664000089],[6.189177115000177,7.551959931000056],[6.192766210000059,7.554688522000106],[6.207467831000088,7.559902792000059],[6.217693724000185,7.560280510999974],[6.226433840000027,7.558245690000092],[6.229139057000111,7.558566191000068],[6.230631715000186,7.560078215000146],[6.232744444000105,7.55919357300013],[6.237290812000026,7.554726109000114],[6.240303614000084,7.554148588000032],[6.247744926000109,7.553105772000094],[6.252549689000034,7.552962324000134],[6.256227135000188,7.548366066000142],[6.264500251000072,7.545607971000095],[6.273692520000111,7.54101187700013],[6.277369424000028,7.533658028],[6.282885042000089,7.530899989000147],[6.290238706000082,7.529981151000129],[6.294835095,7.525384491000125],[6.299431316999971,7.514353838999966],[6.320574316000091,7.502403237000067],[6.3270088700001,7.501484309000091],[6.339877968000167,7.500565018000145],[6.357344227000169,7.498726417000171],[6.366536608000047,7.496888197000089],[6.385840834000135,7.499645618000102],[6.399629662999985,7.515272958000082],[6.404452900000024,7.521543207000093],[6.408821933000127,7.527223010000114],[6.40974101200004,7.546527292000064],[6.413418329000081,7.568589152000072],[6.422610745000043,7.582377781000105],[6.430883865000112,7.593409192000081],[6.43456086599997,7.609955231000129],[6.453864992000092,7.626501938999979],[6.493392432000178,7.653160124000067],[6.506261714000061,7.662352454000029],[6.521889149000174,7.670625660000155],[6.537516499000162,7.680737440000144],[6.543032224000115,7.686253151000074],[6.55957837200009,7.699122368000189],[6.570609570000101,7.701879916000109],[6.579802030000053,7.714749795000102],[6.592671450000125,7.725780563000114],[6.607379303000187,7.727619254000103],[6.617490769000142,7.734973020000155],[6.631279404000168,7.74600413100012],[6.641391207000083,7.748761792000096],[6.651503148000131,7.757954123000104],[6.665291742000079,7.766227183000012],[6.677241892000097,7.772662143000105],[6.68827302800014,7.780935274000115],[6.69229467100007,7.781460126000184]]]}},{"type":"Feature","properties":{"lga_name":"Ajaokuta","state_name":"Kogi","source":"OCHA/HDX COD-AB Nigeria v01 (OSGOF, Ehealth, UNCS)","lga_pcode":"NG023002","state_pcode":"NG023"},"geometry":{"type":"Polygon","coordinates":[[[6.755963742000063,7.73560414700006],[6.746421033000161,7.742084959000181],[6.74422945200007,7.743470783000078],[6.734215484,7.750061698000025],[6.724123487000156,7.759792902000129],[6.723887082000033,7.760299492000115],[6.719925667000098,7.764777673000026],[6.710193685000093,7.77482350300005],[6.69945073700012,7.782393682000134],[6.69229467100007,7.781460126000184],[6.68827302800014,7.780935274000115],[6.677241892000097,7.772662143000105],[6.665291742000079,7.766227183000012],[6.651503148000131,7.757954123000104],[6.641391207000083,7.748761792000096],[6.631279404000168,7.74600413100012],[6.617490769000142,7.734973020000155],[6.607379303000187,7.727619254000103],[6.592671450000125,7.725780563000114],[6.579802030000053,7.714749795000102],[6.570609570000101,7.701879916000109],[6.55957837200009,7.699122368000189],[6.543032224000115,7.686253151000074],[6.537516499000162,7.680737440000144],[6.521889149000174,7.670625660000155],[6.506261714000061,7.662352454000029],[6.493392432000178,7.653160124000067],[6.453864992000092,7.626501938999979],[6.43456086599997,7.609955231000129],[6.430883865000112,7.593409192000081],[6.422610745000043,7.582377781000105],[6.413418329000081,7.568589152000072],[6.40974101200004,7.546527292000064],[6.408821933000127,7.527223010000114],[6.404452900000024,7.521543207000093],[6.409129299000142,7.51958268900006],[6.423831638000081,7.508528417000093],[6.430791918000068,7.49741947900003],[6.431724351000071,7.487126451000108],[6.434322829000109,7.48456980300017],[6.455904211000188,7.473562254000058],[6.463716879000174,7.463316771999985],[6.471570385000177,7.447063570000068],[6.488734445000148,7.390679428000055],[6.487876980000181,7.383820549],[6.489715627000123,7.373708743000066],[6.488796195000077,7.357162458000118],[6.485763157000122,7.34199621099998],[6.488789048000115,7.338909145000173],[6.492205094000155,7.336550124000155],[6.494472015000042,7.334199023],[6.497326843,7.333010220000176],[6.499551643000075,7.327163341000187],[6.499508751000064,7.323666182000125],[6.49889909000018,7.320756004000032],[6.498295650000159,7.318429122000055],[6.499925095000037,7.310838086000047],[6.499846081999976,7.304427024000063],[6.499228842000093,7.300933855000096],[6.499760009000056,7.297431825000103],[6.499695675000055,7.292187329000114],[6.501359975000128,7.287509878000094],[6.503621157000168,7.284576870000024],[6.505873272999963,7.281061107000028],[6.508112027000095,7.276380176000089],[6.508069067000122,7.27288188000017],[6.508032885000148,7.269967995],[6.511441099000024,7.267024911000078],[6.514884929000061,7.266996825000035],[6.525848017000158,7.27157121900018],[6.529880971000068,7.272704119000082],[6.537356967000107,7.273808949000056],[6.544260120999979,7.274919110000155],[6.556313034000084,7.27481987200008],[6.569522033000112,7.275294724000162],[6.572323419999975,7.276078490000145],[6.575073617000101,7.273528343000066],[6.592249475000131,7.276216285000089],[6.607712365000054,7.278034073000015],[6.637670056000104,7.29476506400016],[6.669155147000083,7.240518017000113],[6.674722232000022,7.233436951999977],[6.678113869000072,7.231634968000094],[6.683232788,7.23038922700016],[6.685318590000122,7.223532116000058],[6.690157355000167,7.219572917000164],[6.693788488000166,7.243175885000142],[6.692869317000032,7.257883551000077],[6.691031072999976,7.276268512000058],[6.692869170000108,7.294653416000131],[6.699304046000179,7.320392621000053],[6.702981036000097,7.348889285000098],[6.708496629000024,7.369112589000054],[6.703900258000147,7.395771017000072],[6.702980861000185,7.451844822999988],[6.706657817000121,7.474825756000143],[6.708541255000171,7.48585728900008],[6.70903050000004,7.488724777000016],[6.713092852999978,7.512515031000078],[6.710334760000137,7.538254296000162],[6.699304047000055,7.574104779000038],[6.699304235000056,7.589732121],[6.709415827000043,7.617309568000167],[6.720446625000079,7.637532568000097],[6.735154568000098,7.65040196700005],[6.744347173000165,7.670625587000018],[6.74894331400003,7.689010667000105],[6.75262011500007,7.707395419000022],[6.755282861000126,7.73032724300009],[6.755963742000063,7.73560414700006]]]}},{"type":"Feature","properties":{"lga_name":"Ankpa","state_name":"Kogi","source":"OCHA/HDX COD-AB Nigeria v01 (OSGOF, Ehealth, UNCS)","lga_pcode":"NG023003","state_pcode":"NG023"},"geometry":{"type":"Polygon","coordinates":[[[7.7535945300001,7.688056807000066],[7.714028073000065,7.705049601999974],[7.701503057000082,7.698749536999969],[7.677676705000067,7.694910930000106],[7.650098378000052,7.687928713000133],[7.643573822000064,7.671013125000115],[7.62735088900007,7.647805248000054],[7.615475532000119,7.636499533000119],[7.570312810000075,7.636326515],[7.557775344000106,7.634400683000024],[7.553424304000146,7.624373606],[7.552229349000129,7.60935409800004],[7.544807055000092,7.583049030000097],[7.537346324000168,7.566753344000062],[7.527382930000044,7.549196248999976],[7.520540604000189,7.53540510400012],[7.50553385,7.524708708999981],[7.489243429000112,7.521513998000103],[7.482743104000065,7.520640902000139],[7.483605561000104,7.517968547000123],[7.483005198000114,7.507169374000171],[7.482089525000106,7.503295507000189],[7.482506510000064,7.494540694000136],[7.477920816000051,7.482450603000132],[7.478753878000077,7.477030692000142],[7.477920407000113,7.461605416000168],[7.47917084300019,7.449098694000043],[7.477503497999976,7.437008777000074],[7.474168416999987,7.414495829000032],[7.475001657,7.406158091000123],[7.474266460000024,7.403488122000113],[7.474006670000051,7.398299326000142],[7.47236032700016,7.391715071000078],[7.471373311000036,7.384142866000161],[7.471373282000116,7.374266722000129],[7.471043828,7.370316130999981],[7.463800732999971,7.357805854000048],[7.458862603000114,7.350233987000024],[7.451949340000056,7.3433203190001],[7.447010894000186,7.337394276000168],[7.441085500000156,7.331139581],[7.433842087000073,7.327846999000087],[7.430879714000014,7.32685946800018],[7.418698243000108,7.325871878000157],[7.40849309000015,7.322579871000187],[7.404542563000064,7.314020288000108],[7.402566974000081,7.307106477000161],[7.401579297000183,7.300522201000149],[7.40892354600004,7.298598141000127],[7.419345645000078,7.295680141000105],[7.42935160899998,7.29484598900018],[7.432270192000146,7.293178587000057],[7.440190728,7.29442938699998],[7.45019682200018,7.29234513900019],[7.456449746000089,7.289426806000051],[7.465621920000103,7.290676950000091],[7.473959678000028,7.292344992000096],[7.482714396,7.291094176000172],[7.492303524000135,7.288592812000161],[7.508562648000179,7.290260306000107],[7.513981822,7.291510912000035],[7.517733832000147,7.289426870000057],[7.532325845000173,7.289009669000109],[7.544415359000027,7.290676965000046],[7.553170517000012,7.295680048000179],[7.561091261000115,7.303184088000023],[7.571514010000158,7.310688369000047],[7.581936611000174,7.3152742420001],[7.586939520000158,7.3181924430001],[7.594443127999966,7.32111084700017],[7.597361396000053,7.32277815100008],[7.613203988000066,7.32194459800013],[7.624460357000032,7.321528073000025],[7.629880022000179,7.319859970000095],[7.634882369000081,7.314857609],[7.644887892999975,7.308187014999987],[7.657811993000166,7.303184102000046],[7.669901788000118,7.303184048000048],[7.688245816000176,7.29943224800013],[7.701586370000143,7.293595427000071],[7.709507465000172,7.289009551999982],[7.723681693000174,7.289009683000074],[7.736605732000044,7.29317853800012],[7.745361064000065,7.296930890000112],[7.757033998000111,7.297764359000041],[7.762870493000094,7.29859816000004],[7.768289859000163,7.301933218000102],[7.774711988000149,7.30119262300002],[7.787335236999979,7.338501991000044],[7.798135410000043,7.359149899000158],[7.795897510000145,7.37867016600012],[7.795406941000124,7.389567554999985],[7.794724558000041,7.404702877000148],[7.793993636000152,7.415134370000033],[7.79761204600004,7.415858313000172],[7.796859710000149,7.416643366000187],[7.835838245,7.465323497000043],[7.835775211000112,7.485114705000115],[7.829230753000047,7.491602860000057],[7.818340744000068,7.496992166000098],[7.810733532000029,7.495882831000074],[7.807478709000122,7.493702712000072],[7.800983436000138,7.485002731000066],[7.793394432000127,7.478468619000182],[7.785776313000156,7.480613345000165],[7.779246116000138,7.482761255000071],[7.771584074000145,7.497923774000071],[7.765013163000106,7.512004729000125],[7.757360984000172,7.523912341000027],[7.755918139000073,7.526767326000083],[7.739914636000094,7.537955869000086],[7.740961143000106,7.549892895000085],[7.747456141000157,7.558593894000126],[7.751979436000056,7.576910646999977],[7.750780530000156,7.594179083000085],[7.752448004000087,7.623362090000171],[7.752447911000161,7.647782667000058],[7.754673863000164,7.647728332999975],[7.754674007000176,7.661315835000153],[7.753994364000164,7.679658888000063],[7.7535945300001,7.688056807000066]]]}},{"type":"Feature","properties":{"lga_name":"Bassa","state_name":"Kogi","source":"OCHA/HDX COD-AB Nigeria v01 (OSGOF, Ehealth, UNCS)","lga_pcode":"NG023004","state_pcode":"NG023"},"geometry":{"type":"Polygon","coordinates":[[[7.445786741000063,8.04486092400009],[7.432442342,8.045692365999969],[7.404485174000172,8.04296491499997],[7.393178358000057,8.04186144900018],[7.305553927000119,8.025581284000054],[7.253840822000143,8.015046954000127],[7.195903178000037,7.993021407000185],[7.117855112000086,7.959025014000076],[7.072845509,7.942744684000047],[7.052934449000134,7.932279774000165],[7.015335315000129,7.928329629000075],[7.004494163000174,7.928270936999979],[6.994654750000052,7.925270790000184],[6.991730527000129,7.919361638000112],[6.987842507000153,7.909518098000149],[6.97803095200004,7.901606666000134],[6.96628717100009,7.886808856000187],[6.963587837000034,7.879294880000032],[6.916706059999967,7.86458677100012],[6.883612997,7.85723292199998],[6.849600813000109,7.849878892000106],[6.825700410000138,7.833332675000179],[6.799042220000103,7.82322082200011],[6.7880114620001,7.811270622000052],[6.769437893000145,7.800436010000112],[6.768247722000183,7.793804527000077],[6.758135762000165,7.752438461999986],[6.755963742000063,7.73560414700006],[6.755282861000126,7.73032724300009],[6.75262011500007,7.707395419000022],[6.74894331400003,7.689010667000105],[6.744347173000165,7.670625587000018],[6.735154568000098,7.65040196700005],[6.720446625000079,7.637532568000097],[6.709415827000043,7.617309568000167],[6.699304235000056,7.589732121],[6.699304047000055,7.574104779000038],[6.710334760000137,7.538254296000162],[6.713092852999978,7.512515031000078],[6.70903050000004,7.488724777000016],[6.708541255000171,7.48585728900008],[6.720085911000069,7.48444396400015],[6.727026298999988,7.48402554900008],[6.730737593000129,7.482202453000014],[6.736363472000107,7.48194190300012],[6.739105122000126,7.481158827],[6.754427352000107,7.48020113299998],[6.758737059000111,7.477328276000037],[6.765440337000143,7.468230165000023],[6.769270802000108,7.458653908000031],[6.774537938000151,7.451950458000113],[6.78507228400008,7.443810514000063],[6.794648638000012,7.441894963999971],[6.807577121000122,7.444767895000098],[6.813198954000086,7.452984744000105],[6.815717213000028,7.464878508000083],[6.814280512999972,7.4754127490001],[6.813323144000094,7.498875245000022],[6.812844235000171,7.515155316000119],[6.816195852000078,7.525210252000022],[6.816196012000091,7.536702150000167],[6.82002628000015,7.547236574000124],[6.820505224000158,7.553461075000087],[6.819068965000042,7.556812896000054],[6.820505093000065,7.562079796000091],[6.82146322300008,7.571177479000085],[6.825293421000083,7.58219051400016],[6.831996940000067,7.591287953000119],[6.841094555000097,7.601343716000031],[6.85354424999997,7.60900455400008],[6.876527900000099,7.62001741],[6.909087530000022,7.624327197000184],[6.918185391000065,7.627200043000016],[6.938774656000021,7.632946089000086],[6.949308837000046,7.642522300999985],[6.961037993000105,7.658005158000037],[6.96498829,7.662869163000039],[6.968085694000138,7.668527256000061],[6.972493228000133,7.676712768000186],[6.97808078900016,7.68910568299998],[6.980709439000066,7.692600534000064],[6.988153322000187,7.695881880000115],[6.994049130000064,7.696154306000096],[6.998981066000113,7.696661294000137],[7.01125023600008,7.697927988000117],[7.045778809000126,7.700513704000059],[7.066945554000085,7.703506194],[7.069901436000066,7.702201577000153],[7.078099899000108,7.699484151000036],[7.090361702000052,7.69734688900013],[7.104447966000123,7.699023703000137],[7.114982030000021,7.702854141000159],[7.126952631999984,7.711951619000047],[7.136528946000112,7.715782216000036],[7.148020855000141,7.725358897000035],[7.160469915000078,7.741159893000031],[7.176750243000072,7.762707127000112],[7.18058056000001,7.768453182000087],[7.197339583000144,7.78090233],[7.206437163000032,7.784732676000033],[7.217450066000083,7.78856362700003],[7.235166534000086,7.791436666000152],[7.249052601000187,7.794788498],[7.261023138000041,7.799576632000083],[7.274908894000021,7.802928335],[7.287837383000067,7.804843553000012],[7.297413730000073,7.811547285000131],[7.31465160700003,7.820166177000033],[7.322312750000037,7.823517719000051],[7.334762061000049,7.832136635000154],[7.346732520000103,7.841712861000076],[7.34912673600013,7.846980202000054],[7.34721144800011,7.859908559000132],[7.346253787000023,7.874751914],[7.350563123000029,7.900129787000026],[7.358703153000135,7.914015285000175],[7.371152766000023,7.926943732000041],[7.377856160000078,7.935562749000098],[7.385038325000096,7.948969822000151],[7.389826663000122,7.960940466000125],[7.396530099000188,7.974826390000089],[7.409458861000019,7.989669660000061],[7.418077426000025,8.007386257000178],[7.424780812000051,8.014568410000152],[7.430526836000126,8.022709031000034],[7.445786741000063,8.04486092400009]]]}},{"type":"Feature","properties":{"lga_name":"Dekina","state_name":"Kogi","source":"OCHA/HDX COD-AB Nigeria v01 (OSGOF, Ehealth, UNCS)","lga_pcode":"NG023005","state_pcode":"NG023"},"geometry":{"type":"Polygon","coordinates":[[[7.482743104000065,7.520640902000139],[7.480695064000088,7.526991375000023],[7.471855986000094,7.545843883000089],[7.460992241000156,7.555054898000094],[7.449013916000183,7.571665885000186],[7.447083845000066,7.589244798000095],[7.434585570000081,7.618503400000179],[7.43111697300003,7.633915689000048],[7.419306762000133,7.646515341000168],[7.408445402000098,7.654181968000103],[7.403484992000188,7.656628679000107],[7.401313872000173,7.657853485000032],[7.401617871000155,7.659088779000115],[7.403471510000145,7.659713984000064],[7.404701004000117,7.661570698],[7.40777015700013,7.667137595000099],[7.40926940900016,7.669907325000111],[7.408975493000185,7.674548064000135],[7.412057466000022,7.677338208000037],[7.415144839000106,7.67889435900014],[7.415891587999965,7.681544943000063],[7.416047093000145,7.684760378000078],[7.416025689000151,7.689697033000073],[7.414444342000138,7.697712295000144],[7.416597713000044,7.700498368000183],[7.419986712000082,7.703906867000057],[7.422144734000085,7.705767529000127],[7.427485320000017,7.71834289700007],[7.412271431000022,7.736725686000057],[7.402080961000138,7.76186270300002],[7.388493623000159,7.78699923500011],[7.383058663000043,7.791075670000112],[7.376943935000043,7.801266302000101],[7.366753732,7.81145681300012],[7.355204232000119,7.827082056],[7.34912673600013,7.846980202000054],[7.346732520000103,7.841712861000076],[7.334762061000049,7.832136635000154],[7.322312750000037,7.823517719000051],[7.31465160700003,7.820166177000033],[7.297413730000073,7.811547285000131],[7.287837383000067,7.804843553000012],[7.274908894000021,7.802928335],[7.261023138000041,7.799576632000083],[7.249052601000187,7.794788498],[7.235166534000086,7.791436666000152],[7.217450066000083,7.78856362700003],[7.206437163000032,7.784732676000033],[7.197339583000144,7.78090233],[7.18058056000001,7.768453182000087],[7.176750243000072,7.762707127000112],[7.160469915000078,7.741159893000031],[7.148020855000141,7.725358897000035],[7.136528946000112,7.715782216000036],[7.126952631999984,7.711951619000047],[7.114982030000021,7.702854141000159],[7.104447966000123,7.699023703000137],[7.090361702000052,7.69734688900013],[7.078099899000108,7.699484151000036],[7.069901436000066,7.702201577000153],[7.066945554000085,7.703506194],[7.045778809000126,7.700513704000059],[7.01125023600008,7.697927988000117],[6.998981066000113,7.696661294000137],[6.994049130000064,7.696154306000096],[6.988153322000187,7.695881880000115],[6.980709439000066,7.692600534000064],[6.97808078900016,7.68910568299998],[6.972493228000133,7.676712768000186],[6.968085694000138,7.668527256000061],[6.96498829,7.662869163000039],[6.961037993000105,7.658005158000037],[6.949308837000046,7.642522300999985],[6.938774656000021,7.632946089000086],[6.918185391000065,7.627200043000016],[6.909087530000022,7.624327197000184],[6.876527900000099,7.62001741],[6.85354424999997,7.60900455400008],[6.841094555000097,7.601343716000031],[6.831996940000067,7.591287953000119],[6.825293421000083,7.58219051400016],[6.82146322300008,7.571177479000085],[6.820505093000065,7.562079796000091],[6.819068965000042,7.556812896000054],[6.820505224000158,7.553461075000087],[6.82002628000015,7.547236574000124],[6.816196012000091,7.536702150000167],[6.816195852000078,7.525210252000022],[6.812844235000171,7.515155316000119],[6.813323144000094,7.498875245000022],[6.814280512999972,7.4754127490001],[6.815717213000028,7.464878508000083],[6.813198954000086,7.452984744000105],[6.8181108120001,7.451950646000114],[6.822899395999968,7.448598934000131],[6.827209120000077,7.442852915000117],[6.83295487200013,7.439501384000039],[6.837264055000048,7.435191552000106],[6.844446569000127,7.428488233000166],[6.847798450000084,7.425136516],[6.849234487,7.42178428800014],[6.863599415000181,7.412686824000048],[6.871260601000074,7.408856405999984],[6.877006538000046,7.410771907000139],[6.886104150000165,7.413165527000103],[6.897595745,7.413165674000027],[6.915790903000186,7.419390531000033],[6.92728290000008,7.415559770000073],[6.933762254999976,7.410469032000037],[6.9424809140001,7.41561053300012],[6.951716298,7.417969666000147],[6.960504596000135,7.417557152000143],[6.968843623000055,7.414834460000122],[6.976237106000099,7.415798194000104],[6.982233056999974,7.418600113000025],[6.989632005000033,7.418640710000091],[6.997033185000134,7.418219741000144],[7.003504310000039,7.418716424000138],[7.007191199000033,7.421043957000052],[7.010880367000084,7.422909999000069],[7.014567362999969,7.425237458000026],[7.016859472000021,7.428941930000121],[7.018689260000031,7.432643615000075],[7.022806032000176,7.440972866000095],[7.023701171000027,7.446515536000049],[7.03196058900005,7.45855875500007],[7.045278538000048,7.476166569000156],[7.060951664000129,7.485941037000089],[7.080810433000181,7.491583218000187],[7.093772648000026,7.489343554000186],[7.101673554000058,7.482000336999988],[7.106329647999985,7.476025120999964],[7.108675538000114,7.469576226000072],[7.109183310000049,7.460810639000044],[7.1101585400001,7.451124321000066],[7.112489907000167,7.447444224000151],[7.115290765999987,7.442382219000081],[7.121321422,7.438721057],[7.127342796000107,7.436906055000122],[7.129666815000121,7.434610428000155],[7.128753583000048,7.432298300000184],[7.124176555000076,7.423045017000049],[7.126545439000154,7.411981141000183],[7.132172360000027,7.396780607000153],[7.136163820999968,7.384802035000064],[7.140381613000102,7.373747438000123],[7.147838852000064,7.356230615000015],[7.148213036000129,7.355797056000142],[7.16454411400008,7.351550650000149],[7.179688064000061,7.350891957999977],[7.196807437000189,7.350563059000024],[7.208659056000158,7.35155047500001],[7.213268181000046,7.351880094000023],[7.234667274000174,7.364060792000146],[7.241580520000014,7.372620591000043],[7.246848053,7.383484969000165],[7.2478356740001,7.39072748500007],[7.25014008,7.402249872000141],[7.253761657999974,7.407517293000126],[7.273185257000137,7.41245557600007],[7.278452903000073,7.411468148000097],[7.283061909000025,7.409163614000022],[7.286024701000031,7.406858950000128],[7.295901308,7.404554223000105],[7.304460411000036,7.401262345000077],[7.307423577000066,7.398957807000158],[7.314008214000182,7.399286798000105],[7.330139759000076,7.40257929400002],[7.337711438000099,7.401920808000114],[7.352526112000021,7.39862868],[7.360756356000138,7.397311727000044],[7.365036614000076,7.397640799999976],[7.368987126000093,7.399286825000047],[7.375900192000074,7.399945352000088],[7.386435528000106,7.399286814000106],[7.394336725000073,7.400274855000077],[7.407175942000038,7.398299103],[7.415405957000019,7.396982628000046],[7.424953569000081,7.398957635000158],[7.435488509000095,7.39928667200013],[7.443718782000076,7.398957715000165],[7.450632514000119,7.399286761000042],[7.463800859000173,7.402249764000146],[7.474266460000024,7.403488122000113],[7.475001657,7.406158091000123],[7.474168416999987,7.414495829000032],[7.477503497999976,7.437008777000074],[7.47917084300019,7.449098694000043],[7.477920407000113,7.461605416000168],[7.478753878000077,7.477030692000142],[7.477920816000051,7.482450603000132],[7.482506510000064,7.494540694000136],[7.482089525000106,7.503295507000189],[7.483005198000114,7.507169374000171],[7.483605561000104,7.517968547000123],[7.482743104000065,7.520640902000139]]]}},{"type":"Feature","properties":{"lga_name":"Ibaji","state_name":"Kogi","source":"OCHA/HDX COD-AB Nigeria v01 (OSGOF, Ehealth, UNCS)","lga_pcode":"NG023006","state_pcode":"NG023"},"geometry":{"type":"Polygon","coordinates":[[[6.960817397000142,6.840899050000189],[6.961418172000037,6.848509718000173],[6.963064294000162,6.85970308900005],[6.962735291000058,6.871225409000033],[6.960759586000052,6.89097828700011],[6.962076683000078,6.897562632000188],[6.961418145000096,6.905793316000143],[6.960643032,6.912511561000088],[6.961956232000148,6.928494158000092],[6.961034153000128,6.935546702000124],[6.958351365000055,6.941707247000124],[6.940591377000146,6.960134035000124],[6.926862573000051,6.967996254000013],[6.920221044000186,6.971487460000048],[6.918999664000012,6.971480529000132],[6.901830098000175,6.982170957],[6.894587421000153,6.98776770700016],[6.892612536000058,6.994351731000108],[6.895246034000024,6.99830232000005],[6.901830087000064,7.001265601],[6.905780875000119,7.006203619000019],[6.906439448000128,7.01245884500014],[6.901171583000121,7.01608049400005],[6.892612430000042,7.01608029],[6.886686231999988,7.015092470000184],[6.883394328000122,7.01509242700007],[6.872530096000048,7.02200611100011],[6.869237765000037,7.021677003999969],[6.867262915000083,7.016738498000109],[6.863970336000023,7.011471280000023],[6.853106525000101,7.013446350000038],[6.846851381000022,7.013446413000111],[6.835658066000121,7.017067873000087],[6.816563735000045,7.021018427000115],[6.802078148000135,7.022664634000023],[6.791213920000075,7.024639574000162],[6.789291673000093,7.025212358000147],[6.784384766000073,7.023182369000097],[6.769422217000113,7.015152052000133],[6.764135425000177,7.013355430000161],[6.736322084000051,7.013184770000066],[6.714739148000035,7.005110998000134],[6.702427943999965,6.997094425000057],[6.691863638000029,6.992175919000033],[6.678561990999981,6.988056699000083],[6.679260241000065,6.972002420000024],[6.679398608000042,6.968822600000181],[6.672980330000087,6.935661313000082],[6.652655600000116,6.907848225000066],[6.646236778000173,6.885384586000157],[6.634469919000082,6.866129507999972],[6.621633657000075,6.841525476000129],[6.614145333000124,6.830828570000051],[6.61079013900013,6.822104903000081],[6.613770048000049,6.814801230000171],[6.615944036000144,6.809521205000181],[6.617597020000119,6.806580966000183],[6.620317864000015,6.800128086000086],[6.623660950000044,6.795996113000058],[6.623610081000038,6.793598074000158],[6.623549128000036,6.790752933000022],[6.627364134000061,6.781950922000135],[6.62951416300001,6.775506996000047],[6.631689042000119,6.769058144000098],[6.628021762000117,6.748887443000115],[6.626187918000085,6.731467652000049],[6.621603489999984,6.722299189000012],[6.617936031000056,6.704879296000115],[6.628021675000184,6.674623595000071],[6.652776337999967,6.634282099000188],[6.660110903000145,6.608610556000031],[6.661944920999986,6.572853650000184],[6.661944801000175,6.552682781000044],[6.664701088000072,6.532356273000062],[6.683923278000123,6.543120783000063],[6.717043026000056,6.550093543],[6.743190250999987,6.557501917000138],[6.764108076000127,6.56360292700009],[6.793305883000016,6.572318566000149],[6.808122609000122,6.580162482000048],[6.808993785999974,6.598030072000142],[6.808993724000175,6.615897213000096],[6.805071839000107,6.636815088000048],[6.802893090000055,6.656425402000082],[6.800713994000034,6.669934741000077],[6.798970612000062,6.67952190200009],[6.800278270000035,6.693467270000042],[6.806379261000131,6.703054547000079],[6.819452883,6.712641765000171],[6.833833697000102,6.722228887000085],[6.842113388000087,6.730508781000026],[6.853008387000159,6.744454018],[6.859980975000099,6.753170054000179],[6.868260994000138,6.755348700000127],[6.87828399100016,6.760578111000029],[6.883077673000116,6.768422576999967],[6.884821021000107,6.772780437000108],[6.896804837000104,6.792390711000166],[6.91205726600009,6.800670509000099],[6.923387972000057,6.801977957000076],[6.931231952000132,6.788032918000113],[6.932072656000059,6.767693572000155],[6.939578137000183,6.77359092100005],[6.947413687000108,6.785997490999989],[6.949030830000083,6.788557971000102],[6.952182323000159,6.80825193600009],[6.952182421000145,6.827945780999983],[6.960817397000142,6.840899050000189]]]}},{"type":"Feature","properties":{"lga_name":"Idah","state_name":"Kogi","source":"OCHA/HDX COD-AB Nigeria v01 (OSGOF, Ehealth, UNCS)","lga_pcode":"NG023007","state_pcode":"NG023"},"geometry":{"type":"Polygon","coordinates":[[[6.789291673000093,7.025212358000147],[6.78342429800017,7.035968591000028],[6.7767506940001,7.044308885000021],[6.776702460000024,7.052248477000035],[6.777106468000056,7.058426095000129],[6.778382891000035,7.06637371],[6.776121547000173,7.07518179300007],[6.77563172400005,7.083118678000119],[6.776902826000082,7.091948169000148],[6.778192754000031,7.097690335999971],[6.775508382000169,7.103408412000078],[6.766194485000028,7.109968339000091],[6.76086315200007,7.115228775000105],[6.76212593200006,7.12538186200004],[6.759427583000047,7.133304951000071],[6.749221237000029,7.141182301000072],[6.741203901000119,7.152160296999966],[6.733229551000079,7.156081031000042],[6.724824615999978,7.158234508000135],[6.721738480999988,7.157333147000031],[6.721318799000073,7.1538017150001],[6.719143518000124,7.148494976],[6.716990317000068,7.139659809000079],[6.715323562000094,7.137034737000079],[6.715768731000082,7.135699217000081],[6.715768789000094,7.122821340000144],[6.71576887100008,7.120723195000153],[6.711490244000174,7.104677201000129],[6.690095502000133,7.068306991000043],[6.683835609000084,7.051613754000186],[6.677258902000119,7.034075751000103],[6.677258923000181,7.008402325000077],[6.67832855600011,6.993426206000038],[6.678561990999981,6.988056699000083],[6.691863638000029,6.992175919000033],[6.702427943999965,6.997094425000057],[6.714739148000035,7.005110998000134],[6.736322084000051,7.013184770000066],[6.764135425000177,7.013355430000161],[6.769422217000113,7.015152052000133],[6.784384766000073,7.023182369000097],[6.789291673000093,7.025212358000147]]]}},{"type":"Feature","properties":{"lga_name":"Igalamela-Odolu","state_name":"Kogi","source":"OCHA/HDX COD-AB Nigeria v01 (OSGOF, Ehealth, UNCS)","lga_pcode":"NG023008","state_pcode":"NG023"},"geometry":{"type":"Polygon","coordinates":[[[7.307423535000055,7.183321452000143],[7.298863929000106,7.183321414000147],[7.286683181000171,7.182005004000132],[7.268905690000167,7.182992502000104],[7.263966999000161,7.183979936000071],[7.251127724000185,7.191222630000027],[7.237959257000171,7.209659190000082],[7.233350302000133,7.213938638000172],[7.221169456000155,7.227436553000075],[7.216560357000105,7.231716085000187],[7.21392624900011,7.235008258000164],[7.202403899000103,7.238958869000101],[7.196251008000047,7.24006320400008],[7.188182491000077,7.238007014000118],[7.180246160000081,7.234880047000104],[7.170552071000088,7.229979752000133],[7.16482258800005,7.227304545000038],[7.160405129000026,7.22728242200003],[7.152433899000073,7.231212254000127],[7.123686402000089,7.237682841000037],[7.114837860000023,7.240284056000064],[7.1135453710001,7.241268131000027],[7.104447913,7.24414107900003],[7.099180593000085,7.24701416500011],[7.09582900800018,7.245577414000138],[7.091519216999984,7.247492918000034],[7.087689006000062,7.24845039600018],[7.084815856000034,7.248450391000119],[7.076675768000143,7.252280772],[7.071888026000124,7.253238713000144],[7.064705297000103,7.252759798000056],[7.051298139000096,7.261857520000149],[7.047946541000101,7.263772508000159],[7.044115901000055,7.259942166000144],[7.04315849600016,7.248450414],[7.045552121000014,7.241268270000148],[7.044116002000123,7.236001056000077],[7.042679275000182,7.224030598000127],[7.041243038000118,7.21732677],[7.037412782000104,7.211102088000132],[7.031666809000114,7.205834902000049],[7.019695709000132,7.201525645000117],[7.009162053000011,7.200089090000176],[6.998149027000068,7.199131420000185],[6.990008854000052,7.194821723000189],[6.983305525999981,7.194821952000098],[6.972771305000151,7.194821817],[6.962716152000155,7.194821780000098],[6.949308741000038,7.192427978000069],[6.942605444000094,7.19338566700003],[6.940403606000132,7.194247328000188],[6.931592432000116,7.197694892000129],[6.928719459000035,7.199131412000156],[6.918243242000131,7.199607585000024],[6.902586461000112,7.214456756000061],[6.899760505000074,7.217865411000105],[6.898743565000132,7.218482377000157],[6.898120327000072,7.218401100999984],[6.897032448,7.217772077000177],[6.895632563000106,7.217219243999978],[6.894385456000066,7.217212089000043],[6.891733259999967,7.217507973000181],[6.890383869000175,7.217819518000113],[6.875569835000135,7.224988019000023],[6.864077978000068,7.229776513000104],[6.844446638000079,7.235522304000028],[6.839179637000086,7.235043165000093],[6.82768774900012,7.242225620000113],[6.817153370000085,7.245577456000149],[6.811886437000112,7.246534804000134],[6.807577229000117,7.247014051000065],[6.796085424000069,7.254675046000045],[6.790818130000162,7.261378825000065],[6.776453447000108,7.273349270000097],[6.770228747000033,7.280531291000045],[6.764961821000156,7.288192622000054],[6.752991209000015,7.289629038999976],[6.746766670000056,7.288671372000067],[6.743893510000021,7.28196798800019],[6.743893621000097,7.273828119000029],[6.741499417000057,7.264251601000069],[6.739105297000037,7.258984628000121],[6.737189804000081,7.245577321000042],[6.736275130000081,7.23505591300011],[6.73623234300004,7.234564250000176],[6.73573013500004,7.233811192000076],[6.729304804000151,7.219133475000035],[6.724086615000147,7.205868100000146],[6.72369155500013,7.198367207999979],[6.72504960100008,7.193082405000155],[6.723760171000151,7.187340075],[6.718059387000039,7.180688414000088],[6.710583829000086,7.175348620000022],[6.710116410000012,7.175478780000162],[6.703430038000135,7.170575532000157],[6.707210948000125,7.159233101000041],[6.711490073999983,7.148535751000111],[6.715323562000094,7.137034737000079],[6.716990317000068,7.139659809000079],[6.719143518000124,7.148494976],[6.721318799000073,7.1538017150001],[6.721738480999988,7.157333147000031],[6.724824615999978,7.158234508000135],[6.733229551000079,7.156081031000042],[6.741203901000119,7.152160296999966],[6.749221237000029,7.141182301000072],[6.759427583000047,7.133304951000071],[6.76212593200006,7.12538186200004],[6.76086315200007,7.115228775000105],[6.766194485000028,7.109968339000091],[6.775508382000169,7.103408412000078],[6.778192754000031,7.097690335999971],[6.776902826000082,7.091948169000148],[6.77563172400005,7.083118678000119],[6.776121547000173,7.07518179300007],[6.778382891000035,7.06637371],[6.777106468000056,7.058426095000129],[6.776702460000024,7.052248477000035],[6.7767506940001,7.044308885000021],[6.78342429800017,7.035968591000028],[6.789291673000093,7.025212358000147],[6.791213920000075,7.024639574000162],[6.802078148000135,7.022664634000023],[6.816563735000045,7.021018427000115],[6.835658066000121,7.017067873000087],[6.846851381000022,7.013446413000111],[6.853106525000101,7.013446350000038],[6.863970336000023,7.011471280000023],[6.867262915000083,7.016738498000109],[6.869237765000037,7.021677003999969],[6.872530096000048,7.02200611100011],[6.883394328000122,7.01509242700007],[6.886686231999988,7.015092470000184],[6.892612430000042,7.01608029],[6.901171583000121,7.01608049400005],[6.906439448000128,7.01245884500014],[6.905780875000119,7.006203619000019],[6.901830087000064,7.001265601],[6.895246034000024,6.99830232000005],[6.892612536000058,6.994351731000108],[6.894587421000153,6.98776770700016],[6.901830098000175,6.982170957],[6.918999664000012,6.971480529000132],[6.920221044000186,6.971487460000048],[6.926862573000051,6.967996254000013],[6.940591377000146,6.960134035000124],[6.958351365000055,6.941707247000124],[6.961034153000128,6.935546702000124],[6.961956232000148,6.928494158000092],[6.960643032,6.912511561000088],[6.961418145000096,6.905793316000143],[6.962076683000078,6.897562632000188],[6.960759586000052,6.89097828700011],[6.962735291000058,6.871225409000033],[6.963064294000162,6.85970308900005],[6.961418172000037,6.848509718000173],[6.960817397000142,6.840899050000189],[6.963210549999985,6.844488679999984],[6.978178017000062,6.850002735000146],[6.986843021000027,6.844488716000171],[6.989994629000023,6.83346026300012],[6.989994577000061,6.8232192910001],[6.987630793000051,6.812978639000107],[6.986843127000043,6.806676449000179],[6.985267601000089,6.798799074000044],[6.986055448000172,6.788557899000125],[6.990782392000142,6.785407088999989],[7.004961558000048,6.785407135000185],[7.020716734000132,6.789345839000134],[7.030169959999967,6.785407030000101],[7.041986031000022,6.783043832000146],[7.055377838000084,6.786194716000068],[7.060104320000164,6.794860488000154],[7.074284041,6.798798983000154],[7.081373807999967,6.800374538000028],[7.093190075000052,6.819280590000062],[7.101067468000167,6.828733369000133],[7.112884155000074,6.837398937000046],[7.119973523000112,6.848427399],[7.134153244000174,6.854729609000117],[7.146757469000079,6.864182507000123],[7.152271869000174,6.875998954000181],[7.156210442000145,6.883088621000127],[7.170389995,6.883876289000114],[7.175904363000086,6.896480480000037],[7.187720739000099,6.901207001000046],[7.209887973000093,6.902819248000128],[7.219230589000063,6.905933265000101],[7.234985702000074,6.910660406000147],[7.238136782000026,6.921688465000045],[7.242863699000054,6.927990315999978],[7.238924545000089,6.941382532000148],[7.23813685600004,6.957925343000113],[7.241288089000079,6.971317371000112],[7.257830672000068,6.98077000100011],[7.293279590000168,6.994162165000091],[7.310144048000041,7.003999623000084],[7.312993958000106,6.999724358000151],[7.316786649000107,6.998974328000088],[7.326880336000102,6.999440704000108],[7.329821153000182,7.000294778000068],[7.329790467000123,7.007019393],[7.328493969000135,7.014578904000132],[7.328107732000092,7.024461365999969],[7.353936613000087,7.034337551000078],[7.366836927000065,7.039865897000084],[7.366937040000096,7.040440243000035],[7.364408946000026,7.048724265000146],[7.367466228000183,7.056236603000173],[7.367583360000083,7.062634336000087],[7.367074517,7.064780221000092],[7.362934390000021,7.08224072500002],[7.361144390000049,7.087525934000098],[7.359370437000109,7.089282403000027],[7.347865422000041,7.094523957000092],[7.327775106999979,7.10010840800004],[7.327176490000113,7.100359442000013],[7.31302030900008,7.102005592000182],[7.292938204000166,7.105626548000089],[7.288987764000126,7.108589580000114],[7.28470813000007,7.112540343999967],[7.283719911000105,7.116161728000122],[7.285366137999972,7.122087399000065],[7.288000013000044,7.126696632000119],[7.290304551000133,7.135256392000144],[7.291950711000084,7.144145093000077],[7.293267199000127,7.148754089000079],[7.295571829000039,7.154679656000155],[7.297217844000045,7.160605817000146],[7.298205945000177,7.165214951999985],[7.301497862000133,7.173115733000088],[7.307423535000055,7.183321452000143]]]}},{"type":"Feature","properties":{"lga_name":"Ijumu","state_name":"Kogi","source":"OCHA/HDX COD-AB Nigeria v01 (OSGOF, Ehealth, UNCS)","lga_pcode":"NG023009","state_pcode":"NG023"},"geometry":{"type":"Polygon","coordinates":[[[6.027391871000077,8.120030607000047],[6.01796445400015,8.129846145000045],[6.01198145799998,8.146301257000118],[6.010463698000024,8.145731984000179],[6.00314377400008,8.141665594000187],[5.99826442300008,8.139225953],[5.990944465000155,8.135159612999985],[5.988504494000153,8.129465961],[5.986064484000053,8.122960183000146],[5.983624490000125,8.115639742999974],[5.97711836600007,8.106693318000055],[5.971424920000061,8.10425369300009],[5.957599070000072,8.096120837000058],[5.948652634000041,8.084734909000133],[5.943772773000148,8.07009515500016],[5.938893471000029,8.061148556000035],[5.934013455000184,8.055455097000106],[5.929946882000081,8.04732214400019],[5.920187066000096,8.031869856000071],[5.912053923000087,8.011537396000165],[5.907987628,7.999338283000043],[5.896601608000083,7.986325195000177],[5.890908379000052,7.981445414000063],[5.886028682000131,7.970872416000134],[5.873828976000084,7.95541959500008],[5.865695816000027,7.945660128000043],[5.860002887000178,7.939153640000086],[5.851869972000031,7.933460621000052],[5.843737053000098,7.927767141000061],[5.834894592000069,7.923977825000065],[5.832350744000053,7.922887793000086],[5.828284272000076,7.916381257000182],[5.826657909000062,7.904995096000164],[5.820151428000031,7.896048570000119],[5.811205019999989,7.888729017000173],[5.80144540900011,7.878969196000071],[5.789245652000091,7.86189035100017],[5.779486219000034,7.854570508000165],[5.77053977200012,7.843997507000097],[5.759966865000081,7.834238174000063],[5.751021023000078,7.829357981000101],[5.750174815999969,7.829076106000173],[5.745511407000038,7.826184798000043],[5.742338697999969,7.824833668000167],[5.740489544000127,7.823891276000154],[5.739313111000058,7.821896887000094],[5.738130657000056,7.819180466000091],[5.741160387000093,7.812342212999965],[5.746031814000048,7.805034776000127],[5.755775061000179,7.795639436999977],[5.767953791000139,7.78763630900005],[5.791615414999967,7.782068704000096],[5.773028439000086,7.747318798000094],[5.78024203700005,7.745772819000138],[5.80102458600004,7.733303508000063],[5.816439269999989,7.727848906000077],[5.819413547000181,7.731224593000093],[5.822185106000063,7.733086458],[5.827743,7.734040690000086],[5.832389478000096,7.732220030000121],[5.837035077000166,7.730399026000043],[5.842608408000046,7.728582826000093],[5.850026124000067,7.728624463000074],[5.857433342000093,7.730512186],[5.864829896000117,7.734246306000045],[5.870383401000026,7.736123887000076],[5.876858297000183,7.738929860000155],[5.883338034000133,7.740812283000025],[5.889812830999972,7.743618580000145],[5.898147236999989,7.745511639000028],[5.903699952000181,7.747388705000105],[5.908330993000106,7.748338161000106],[5.914816031000043,7.749297205000062],[5.919446852000135,7.750245944000142],[5.921306619000063,7.749333002000128],[5.928738980000162,7.746604504000118],[5.93060392100017,7.74476810200008],[5.930624467000086,7.741074467000089],[5.929718063000053,7.737376196000071],[5.927884173,7.733672149000085],[5.92603958400008,7.731815454000014],[5.925133252000023,7.72811689200006],[5.92330989900006,7.722566568000047],[5.922403337000048,7.718868273000169],[5.921491280000168,7.716093091000062],[5.92243909300015,7.712404682000169],[5.923391840000022,7.707793131000074],[5.927141652000159,7.700427572000024],[5.92902170300016,7.695821224000099],[5.929975161000186,7.691209380999965],[5.931891012000165,7.680139416000031],[5.933786512000154,7.672763384000064],[5.935671260000106,7.667233576000115],[5.936639853999964,7.659852032000117],[5.937628320000044,7.648777122000183],[5.940000477000126,7.645110143000068],[5.944175163000068,7.63865669400019],[5.94790947700011,7.634060291000083],[5.95017982000013,7.630550625000126],[5.95504473200009,7.624895961000163],[5.963877881000087,7.61574923600017],[5.972192039000049,7.610480295000059],[5.976594238000189,7.607604915000024],[5.989333995000095,7.596548979000033],[6.004002797000055,7.587449344000049],[6.00793768200009,7.582143861000077],[6.00893053599998,7.579725478000114],[6.008942450000063,7.578270029],[6.008966281000028,7.575358556000083],[6.008998051000162,7.571477074000086],[6.009029822000059,7.567595313000027],[6.007618216000139,7.56176077300006],[6.005708395000113,7.557377988999974],[6.005297627000061,7.548155044999987],[6.00339175,7.537396811000178],[6.004090166000083,7.535571972000071],[6.004125679000083,7.529235776],[6.012996292000139,7.53340568699997],[6.017077992000168,7.538619049000033],[6.021168367000143,7.544415114000117],[6.023499149000031,7.547309776000134],[6.022954133000098,7.549645941999984],[6.024733893000075,7.554296014000158],[6.025364754000123,7.558952882000028],[6.02654893600004,7.561859159000051],[6.028888161000054,7.56533710400015],[6.032956114000115,7.569383978000133],[6.035861932000046,7.572275017000152],[6.040483033000044,7.574569219000068],[6.04338782100001,7.577459910000073],[6.048503768000103,7.580123926000056],[6.098731012000144,7.588197228000126],[6.099113610000188,7.594314036000128],[6.104806386000121,7.605700361000174],[6.104806332000123,7.61464638800004],[6.108059915000126,7.621966408000162],[6.115379284000085,7.634979154000177],[6.121885907000092,7.647178603000157],[6.121072378,7.669951075000029],[6.122699319999981,7.678083847000039],[6.117819318000159,7.686217334000048],[6.107246383000131,7.695163293000121],[6.098299841000085,7.704923198000188],[6.096673378000048,7.710616058000141],[6.09423364800017,7.717936051000152],[6.087726931000134,7.732575496000038],[6.083660606000024,7.74477469500016],[6.076341253000066,7.754534226000033],[6.070647736000183,7.765920648000133],[6.064954822000061,7.773240189000148],[6.057634888000166,7.784626390000142],[6.046248773000116,7.800079348999986],[6.041369036000049,7.802519389000111],[6.036489114000062,7.814718845000186],[6.033596682,7.817932364000058],[6.030401510000161,7.828144722],[6.022461607000025,7.840862894000168],[6.022063844000058,7.841146209999977],[6.028356024,7.852943936000031],[6.035675899000182,7.867583181999976],[6.03892907400018,7.876529614],[6.051128964999975,7.899302059000149],[6.056008393000127,7.918007812000042],[6.054381690000071,7.93020719000009],[6.057634711000048,7.939967234999983],[6.061701742000025,7.958672866000086],[6.065768216000038,7.969246046000023],[6.069834575000129,7.987951826000028],[6.076341187000082,8.002591002000145],[6.079594007000082,8.012351085999967],[6.077154243000052,8.023737032000042],[6.07552754600016,8.041629656000111],[6.066581195000083,8.056268643000124],[6.063328339000066,8.067655639000122],[6.056008439000152,8.084734884000056],[6.051323193000087,8.09644853300017],[6.029469392000124,8.117867372000035],[6.027391871000077,8.120030607000047]]]}},{"type":"Feature","properties":{"lga_name":"Kabba/Bunu","state_name":"Kogi","source":"OCHA/HDX COD-AB Nigeria v01 (OSGOF, Ehealth, UNCS)","lga_pcode":"NG023010","state_pcode":"NG023"},"geometry":{"type":"Polygon","coordinates":[[[6.31533484,7.833265865000158],[6.323331775999975,7.843444460000057],[6.323331775999975,7.855394345000036],[6.325170596000078,7.875617969000189],[6.324251208000021,7.88756794000011],[6.327008606000106,7.894002895000085],[6.32976663200003,7.903195416000131],[6.327008700000079,7.916064773000073],[6.319654867000111,7.928934230999971],[6.308623882,7.939965381000036],[6.301269949000073,7.941803551000078],[6.29391565800006,7.943642127000146],[6.292996795000136,7.95375387200005],[6.287481284000023,7.961107755000171],[6.280126995000046,7.964784752000014],[6.27001557799997,7.969380947000104],[6.25990379000018,7.980412071000103],[6.248872685000038,7.996958856999981],[6.243357213000081,8.010747016000153],[6.242438209000056,8.020858890000113],[6.241519016000098,8.033728625000151],[6.23784218500009,8.038324395000075],[6.230487710999967,8.045678018000046],[6.227730385000086,8.052113634000136],[6.220376048000105,8.068659828000136],[6.22129526000009,8.076013523000086],[6.226810981000028,8.080610154],[6.22773035199998,8.087964126000088],[6.229568578000055,8.095317941000076],[6.238760867000053,8.099914637999973],[6.251630664000061,8.10083388300012],[6.268177165,8.099914492000153],[6.286561896000023,8.095317893000072],[6.294835034000073,8.087964],[6.311381781000023,8.07509432400019],[6.32976673100012,8.061305914000059],[6.338959249000084,8.04200171400015],[6.349070437000023,8.033728553000117],[6.360101826000175,8.027293334000149],[6.365617277000069,8.019020045000161],[6.377567226,8.007989831000032],[6.38767901000017,8.001554559999988],[6.403306460000181,7.976735162000068],[6.410660275000168,7.968462002000024],[6.418933389000074,7.96110786700018],[6.430883769000104,7.954673291000177],[6.444672637000053,7.945480819000011],[6.456622724,7.93996517800008],[6.463976782000088,7.942722705999984],[6.468573091000167,7.94731898100008],[6.46857299300018,7.95559228400009],[6.466734514,7.967542703000049],[6.462138113000094,7.975815651000119],[6.463057468000045,7.993281275000186],[6.463976782000088,8.00615120700013],[6.451107098000023,8.023616709000123],[6.445591895000121,8.03556718800013],[6.447430073000135,8.049355640000044],[6.447430063000127,8.063144613000077],[6.452945808999971,8.07693282200006],[6.457541815000127,8.093479205000165],[6.47041120900019,8.110944887000016],[6.479603724000071,8.125653371000055],[6.484199868000019,8.13668426200013],[6.491554218000147,8.144957422000061],[6.49615043700004,8.163342475000036],[6.491554312000119,8.177130841000121],[6.486958108000181,8.188161863000119],[6.481442487000038,8.19735440200003],[6.473169195000139,8.217577878000156],[6.461218817999963,8.229528311000138],[6.450188095999977,8.242397414000095],[6.443753167000011,8.25434788399997],[6.434560657000077,8.266298225000128],[6.424448993000112,8.282844589000149],[6.41249888800013,8.299390745000153],[6.403306428000178,8.313180063000118],[6.399629534999974,8.322372445000042],[6.395952283000042,8.328806966000172],[6.39043719700004,8.335241421000092],[6.385840848000157,8.340757491000147],[6.378486543000122,8.349949791000085],[6.366536484,8.360979927000017],[6.360101816000167,8.364657434000094],[6.354585989000043,8.373849714000073],[6.346312866000062,8.38671966200019],[6.326089358000047,8.403265954000176],[6.314139277000095,8.41245830500003],[6.300350767000054,8.428085420000116],[6.268177150000099,8.449228397000013],[6.241518950999989,8.459340014000077],[6.21486051800008,8.463935787000139],[6.192798695000135,8.464855244000091],[6.179009853000025,8.459340175000023],[6.163382970000157,8.451067037000087],[6.137643852000167,8.444631630000117],[6.113124791000132,8.441468164000185],[6.111312818000044,8.431200870000112],[6.097487065000166,8.414121627000156],[6.082657812000036,8.401764024000045],[6.08203421200011,8.390535366000051],[6.078780723000136,8.377522337000073],[6.077967522999984,8.369389626000157],[6.079594091000104,8.363696986000036],[6.087030465000055,8.354029765000178],[6.086100564000105,8.343363800000077],[6.089353675000098,8.336857764000172],[6.089353630000176,8.329538217],[6.089353682000024,8.324658309000029],[6.085287169000082,8.307578988000046],[6.083660579000139,8.30107217699998],[6.077154096000129,8.292126537000058],[6.073087676000114,8.282366892000141],[6.070647713000085,8.275047388000075],[6.068207825000172,8.268540519],[6.066581376000158,8.26447387700017],[6.066581175000067,8.259593967000171],[6.0714612270001,8.24495494600012],[6.073087628999986,8.232755652000094],[6.073087618999978,8.227875736000101],[6.063328391000027,8.220555226000101],[6.055195345000186,8.210796483000138],[6.055195352000112,8.192903490000162],[6.058448437000038,8.181517496000083],[6.068207664000056,8.16769111300016],[6.071461238000154,8.162811397000155],[6.070181639000054,8.162242564000053],[6.083371803000034,8.153094447000171],[6.085556015000122,8.14743074200004],[6.083439920999979,8.144573589000174],[6.07632742300018,8.142386845999965],[6.048551301000032,8.13861426000011],[6.038598740000168,8.134983809],[6.031504310000116,8.130665762999968],[6.027991584000063,8.124246276000065],[6.027391871000077,8.120030607000047],[6.029469392000124,8.117867372000035],[6.051323193000087,8.09644853300017],[6.056008439000152,8.084734884000056],[6.063328339000066,8.067655639000122],[6.066581195000083,8.056268643000124],[6.07552754600016,8.041629656000111],[6.077154243000052,8.023737032000042],[6.079594007000082,8.012351085999967],[6.076341187000082,8.002591002000145],[6.069834575000129,7.987951826000028],[6.065768216000038,7.969246046000023],[6.061701742000025,7.958672866000086],[6.057634711000048,7.939967234999983],[6.054381690000071,7.93020719000009],[6.056008393000127,7.918007812000042],[6.051128964999975,7.899302059000149],[6.03892907400018,7.876529614],[6.035675899000182,7.867583181999976],[6.028356024,7.852943936000031],[6.022063844000058,7.841146209999977],[6.022461607000025,7.840862894000168],[6.030401510000161,7.828144722],[6.033596682,7.817932364000058],[6.036489114000062,7.814718845000186],[6.041369036000049,7.802519389000111],[6.046248773000116,7.800079348999986],[6.057634888000166,7.784626390000142],[6.064954822000061,7.773240189000148],[6.070647736000183,7.765920648000133],[6.076341253000066,7.754534226000033],[6.083660606000024,7.74477469500016],[6.087726931000134,7.732575496000038],[6.09423364800017,7.717936051000152],[6.096673378000048,7.710616058000141],[6.098299841000085,7.704923198000188],[6.107246383000131,7.695163293000121],[6.117819318000159,7.686217334000048],[6.122699319999981,7.678083847000039],[6.12753211900008,7.683495103000098],[6.133047461999979,7.692687626000179],[6.151432408000062,7.700961123000184],[6.159705608000024,7.705557375000183],[6.172575499,7.714749851000136],[6.186364191000109,7.718426579000038],[6.203829704999976,7.720264960000179],[6.222214682000185,7.719345923999981],[6.234164792,7.718426745000045],[6.244276397000078,7.712911190000113],[6.258984638000129,7.706476286999987],[6.268176962000098,7.706476092000059],[6.270015570000169,7.716588038000054],[6.271853817000135,7.729457316000151],[6.269096356000148,7.74508481200013],[6.268176886000106,7.753357893000157],[6.269096336000132,7.763469761000124],[6.269096270000148,7.775419703000182],[6.268177097000034,7.782773863000045],[6.271853961000147,7.791966382000112],[6.277369468000074,7.801158911000186],[6.294835023000189,7.814028173000054],[6.300350581000032,7.822301434000053],[6.313220099000091,7.830575037000074],[6.31533484,7.833265865000158]]]}},{"type":"Feature","properties":{"lga_name":"Kogi","state_name":"Kogi","source":"OCHA/HDX COD-AB Nigeria v01 (OSGOF, Ehealth, UNCS)","lga_pcode":"NG023011","state_pcode":"NG023"},"geometry":{"type":"Polygon","coordinates":[[[6.963587837000034,7.879294880000032],[6.962668485,7.887568139000052],[6.959910449000063,7.896760550000067],[6.954395357000124,7.905033671000069],[6.952556542000082,7.917903358999979],[6.957152936000114,7.929853495000032],[6.960829776000026,7.942722745000083],[6.963587718000156,7.960188432000052],[6.978295218000028,7.985927653000147],[6.979214581000178,8.000635118000162],[6.972780299000021,8.019939562000104],[6.97094158900012,8.030051162000063],[6.977376581000158,8.050274989000172],[6.98702863900013,8.077852212000096],[6.987028634000012,8.092559925000103],[6.983351226000082,8.115541574000133],[6.997140016000174,8.153230563000022],[7.002655441000059,8.167018791000089],[7.000817436000148,8.181727489000139],[6.992543805000082,8.195515538000109],[6.979674381000052,8.211143388000153],[6.972320680000053,8.22493178000002],[6.970481979000112,8.245155304000036],[6.964966397000069,8.26537883200018],[6.959450585000013,8.275490830000024],[6.953016409000043,8.28376378500019],[6.941065752000043,8.29295636200004],[6.934631423000155,8.301229566000131],[6.934631299000102,8.310421832999964],[6.941985089000184,8.322372388000133],[6.951177491000124,8.34627232600019],[6.955773803000113,8.359142219000034],[6.957612375000167,8.374769221000179],[6.969562482000129,8.391315348000091],[6.984174740000185,8.459377342000153],[6.946143528000107,8.45893882300004],[6.82764408800017,8.453450603000135],[6.825058411000043,8.433941292000043],[6.824781428000108,8.432681982000076],[6.832135315000073,8.42532738500006],[6.832135109000035,8.417054047000136],[6.824781385,8.404185285000096],[6.8330545,8.401427409],[6.837650704000168,8.396831477999967],[6.836731508000128,8.391315592000126],[6.832135203000064,8.386719843000094],[6.827538988000185,8.379364818],[6.826619601000061,8.374769200000117],[6.822942874000034,8.367415319000145],[6.814669618000096,8.356384295000112],[6.810992651999982,8.351787505000061],[6.807315304000042,8.342595105000157],[6.801800136000054,8.338918584000169],[6.790769176000026,8.330645537000123],[6.779738087000112,8.331565006000119],[6.772384208000119,8.335241333999988],[6.770545369000104,8.330645642000093],[6.769626628000026,8.317775631000018],[6.766868595000176,8.30858328200003],[6.760434184000076,8.305825372000072],[6.751241306999987,8.304905798],[6.749402887000144,8.299390836000043],[6.761353038000095,8.292956335000099],[6.763191770000162,8.281925271000091],[6.761353148000069,8.272732820000044],[6.755838070000095,8.268136114000072],[6.749403019000169,8.26354021600008],[6.743887294000046,8.265378976000022],[6.730098618000113,8.28376384500018],[6.719986854000126,8.274571459000072],[6.721010135000142,8.265875451000113],[6.723495682000021,8.25860243000011],[6.72589677600007,8.250656645],[6.724220377,8.24938859100007],[6.7181486180001,8.24331657200014],[6.71447143100005,8.229528425000126],[6.712633242000095,8.201951013000098],[6.699763818000179,8.189081094000073],[6.691258404000052,8.183006379000062],[6.700223315000073,8.164261876000182],[6.707577126000047,8.1495534230001],[6.717688938000038,8.133006926000178],[6.729639039000176,8.12105664000012],[6.745266359000027,8.10175219600012],[6.76181274400011,8.08888327000011],[6.779278270000134,8.04475984800007],[6.779278316000159,8.025455576000127],[6.777439960000095,7.997877642000049],[6.778359329000068,7.990523776000032],[6.782955541000035,7.967542735000052],[6.784793959000069,7.953753863000088],[6.790309470000182,7.936288272000183],[6.792147983000177,7.915145250000137],[6.790309555000078,7.885729720000086],[6.784793927000067,7.863667571000121],[6.774682110000185,7.829655678000165],[6.769437893000145,7.800436010000112],[6.7880114620001,7.811270622000052],[6.799042220000103,7.82322082200011],[6.825700410000138,7.833332675000179],[6.849600813000109,7.849878892000106],[6.883612997,7.85723292199998],[6.916706059999967,7.86458677100012],[6.963587837000034,7.879294880000032]]]}},{"type":"Feature","properties":{"lga_name":"Lokoja","state_name":"Kogi","source":"OCHA/HDX COD-AB Nigeria v01 (OSGOF, Ehealth, UNCS)","lga_pcode":"NG023012","state_pcode":"NG023"},"geometry":{"type":"Polygon","coordinates":[[[6.384096722999971,8.644262261000051],[6.37986575900004,8.648704522000173],[6.375269421000041,8.661574262000101],[6.358722742000111,8.68455512200012],[6.343095898000115,8.697424873000159],[6.323791507000124,8.713051883000105],[6.302649136000014,8.727760228000022],[6.267717300000072,8.738791289000119],[6.24657492700004,8.738791546000073],[6.224512548000064,8.735113817000126],[6.208536010000103,8.732374926000091],[6.18369665400013,8.686576949000028],[6.169870305000188,8.662991419000036],[6.162550915000168,8.63777911],[6.154418046000046,8.617446902000097],[6.147911624000074,8.596301187000108],[6.13977857500015,8.580847862000041],[6.13327216700003,8.567834781999977],[6.12513910500013,8.55563537100005],[6.123512340000104,8.538555951000149],[6.119445891,8.510904308000079],[6.117005825000092,8.483251465000137],[6.113752943000065,8.461293193000131],[6.113752814000122,8.445026332000054],[6.113124791000132,8.441468164000185],[6.137643852000167,8.444631630000117],[6.163382970000157,8.451067037000087],[6.179009853000025,8.459340175000023],[6.192798695000135,8.464855244000091],[6.21486051800008,8.463935787000139],[6.241518950999989,8.459340014000077],[6.268177150000099,8.449228397000013],[6.300350767000054,8.428085420000116],[6.314139277000095,8.41245830500003],[6.326089358000047,8.403265954000176],[6.346312866000062,8.38671966200019],[6.354585989000043,8.373849714000073],[6.360101816000167,8.364657434000094],[6.366536484,8.360979927000017],[6.378486543000122,8.349949791000085],[6.385840848000157,8.340757491000147],[6.39043719700004,8.335241421000092],[6.395952283000042,8.328806966000172],[6.399629534999974,8.322372445000042],[6.403306428000178,8.313180063000118],[6.41249888800013,8.299390745000153],[6.424448993000112,8.282844589000149],[6.434560657000077,8.266298225000128],[6.443753167000011,8.25434788399997],[6.450188095999977,8.242397414000095],[6.461218817999963,8.229528311000138],[6.473169195000139,8.217577878000156],[6.481442487000038,8.19735440200003],[6.486958108000181,8.188161863000119],[6.491554312000119,8.177130841000121],[6.49615043700004,8.163342475000036],[6.491554218000147,8.144957422000061],[6.484199868000019,8.13668426200013],[6.479603724000071,8.125653371000055],[6.47041120900019,8.110944887000016],[6.457541815000127,8.093479205000165],[6.452945808999971,8.07693282200006],[6.447430063000127,8.063144613000077],[6.447430073000135,8.049355640000044],[6.445591895000121,8.03556718800013],[6.451107098000023,8.023616709000123],[6.463976782000088,8.00615120700013],[6.463057468000045,7.993281275000186],[6.462138113000094,7.975815651000119],[6.466734514,7.967542703000049],[6.46857299300018,7.95559228400009],[6.468573091000167,7.94731898100008],[6.463976782000088,7.942722705999984],[6.456622724,7.93996517800008],[6.444672637000053,7.945480819000011],[6.430883769000104,7.954673291000177],[6.418933389000074,7.96110786700018],[6.410660275000168,7.968462002000024],[6.403306460000181,7.976735162000068],[6.38767901000017,8.001554559999988],[6.377567226,8.007989831000032],[6.365617277000069,8.019020045000161],[6.360101826000175,8.027293334000149],[6.349070437000023,8.033728553000117],[6.338959249000084,8.04200171400015],[6.32976673100012,8.061305914000059],[6.311381781000023,8.07509432400019],[6.294835034000073,8.087964],[6.286561896000023,8.095317893000072],[6.268177165,8.099914492000153],[6.251630664000061,8.10083388300012],[6.238760867000053,8.099914637999973],[6.229568578000055,8.095317941000076],[6.22773035199998,8.087964126000088],[6.226810981000028,8.080610154],[6.22129526000009,8.076013523000086],[6.220376048000105,8.068659828000136],[6.227730385000086,8.052113634000136],[6.230487710999967,8.045678018000046],[6.23784218500009,8.038324395000075],[6.241519016000098,8.033728625000151],[6.242438209000056,8.020858890000113],[6.243357213000081,8.010747016000153],[6.248872685000038,7.996958856999981],[6.25990379000018,7.980412071000103],[6.27001557799997,7.969380947000104],[6.280126995000046,7.964784752000014],[6.287481284000023,7.961107755000171],[6.292996795000136,7.95375387200005],[6.29391565800006,7.943642127000146],[6.301269949000073,7.941803551000078],[6.308623882,7.939965381000036],[6.319654867000111,7.928934230999971],[6.327008700000079,7.916064773000073],[6.32976663200003,7.903195416000131],[6.327008606000106,7.894002895000085],[6.324251208000021,7.88756794000011],[6.325170596000078,7.875617969000189],[6.323331775999975,7.855394345000036],[6.323331775999975,7.843444460000057],[6.31533484,7.833265865000158],[6.324251091000122,7.827817094000068],[6.336201325000161,7.818624590000127],[6.339878070000168,7.81127077300016],[6.344474365000053,7.807593290000057],[6.355505562000189,7.808512640000117],[6.364697924000154,7.810351253000078],[6.37389029600007,7.810351505000142],[6.386759834000145,7.811270604000072],[6.400548468000068,7.819543734000149],[6.408822061000137,7.824139959000036],[6.424448889000075,7.833332450000057],[6.433641340000122,7.843444369000167],[6.445591853999986,7.854474932000073],[6.457542015000115,7.857233159000089],[6.480523142000095,7.860909982000123],[6.496150548000116,7.869183022000016],[6.512696776000098,7.872859967000068],[6.52924337800016,7.87837541500005],[6.537516502000074,7.882971818000158],[6.546708981000108,7.887567947000036],[6.559578333000161,7.88389122000018],[6.567851455999971,7.87286005600015],[6.570581082000047,7.869692442000087],[6.584398154000041,7.869183056000054],[6.602783264000152,7.859071349000146],[6.603567926000039,7.858903243999976],[6.61045990000008,7.854388036000159],[6.619054905000041,7.847342584000046],[6.635490214000015,7.839637370000048],[6.652628038000159,7.833356107000156],[6.66197497700017,7.819923600000152],[6.669941978000054,7.7993806],[6.685675016000118,7.789538403000051],[6.69229467100007,7.781460126000184],[6.69945073700012,7.782393682000134],[6.710193685000093,7.77482350300005],[6.719925667000098,7.764777673000026],[6.723887082000033,7.760299492000115],[6.724123487000156,7.759792902000129],[6.734215484,7.750061698000025],[6.74422945200007,7.743470783000078],[6.746421033000161,7.742084959000181],[6.755963742000063,7.73560414700006],[6.758135762000165,7.752438461999986],[6.768247722000183,7.793804527000077],[6.769437893000145,7.800436010000112],[6.774682110000185,7.829655678000165],[6.784793927000067,7.863667571000121],[6.790309555000078,7.885729720000086],[6.792147983000177,7.915145250000137],[6.790309470000182,7.936288272000183],[6.784793959000069,7.953753863000088],[6.782955541000035,7.967542735000052],[6.778359329000068,7.990523776000032],[6.777439960000095,7.997877642000049],[6.779278316000159,8.025455576000127],[6.779278270000134,8.04475984800007],[6.76181274400011,8.08888327000011],[6.745266359000027,8.10175219600012],[6.729639039000176,8.12105664000012],[6.717688938000038,8.133006926000178],[6.707577126000047,8.1495534230001],[6.700223315000073,8.164261876000182],[6.691258404000052,8.183006379000062],[6.690111669000146,8.185403790000123],[6.688272870000105,8.201951031000135],[6.683676652000145,8.212981090000142],[6.671726660000104,8.220335935000037],[6.665291879000165,8.226770364000117],[6.657938137000144,8.235962872000073],[6.641391139000064,8.25526726000004],[6.631279513000095,8.276410037000119],[6.626683176000029,8.28744021200015],[6.613813977000063,8.29939074400005],[6.608298331000185,8.314098467000065],[6.599105933999965,8.324210279000056],[6.588075249999974,8.326048834000062],[6.579801959000179,8.33064547600003],[6.571528321000187,8.34259506900014],[6.562335977999965,8.353626250000104],[6.551305297999988,8.36925414700005],[6.527404728000079,8.37568849000013],[6.51269682100002,8.398669299000062],[6.503504251000095,8.412458504000142],[6.48144258200017,8.427165857000148],[6.452945710000051,8.448309082000094],[6.449268907000032,8.459340227000041],[6.439157094000166,8.493351941000071],[6.431343654999978,8.519090741000014],[6.42490850400003,8.549426080999979],[6.41387749900008,8.58160011900003],[6.410115761000043,8.595393092000052],[6.408037315,8.603014911000173],[6.405604398000094,8.611934556],[6.398250517000122,8.629400198000042],[6.384096722999971,8.644262261000051]]]}},{"type":"Feature","properties":{"lga_name":"Mopa-Muro","state_name":"Kogi","source":"OCHA/HDX COD-AB Nigeria v01 (OSGOF, Ehealth, UNCS)","lga_pcode":"NG023013","state_pcode":"NG023"},"geometry":{"type":"Polygon","coordinates":[[[6.087030465000055,8.354029765000178],[6.062514724000152,8.354750701000114],[6.049502006000125,8.351496574000066],[6.027543076000086,8.344990710000047],[6.008837313000186,8.334418425000024],[5.987691396000173,8.323031481000044],[5.984956133000082,8.321972912000149],[5.963731123,8.306931201000168],[5.936769905000176,8.289665042000024],[5.863149803000113,8.224424489000057],[5.839771115000019,8.206471207],[5.825670316000128,8.18788679000005],[5.80792786000012,8.15194449300003],[5.808019144000184,8.150883400999987],[5.803158066000151,8.137100690000125],[5.797927219000144,8.121787944000062],[5.794149265000044,8.115648136000061],[5.789611672000035,8.108738435000078],[5.782049414000141,8.097221758000103],[5.775663941000175,8.082662068000161],[5.773802184000033,8.076538828000139],[5.76890959800005,8.06657200900014],[5.762884669000073,8.05468692500017],[5.757205720000172,8.047003238000059],[5.753635198000154,8.040823844000045],[5.753460412000038,8.038376923000158],[5.753460443000165,8.02536395200002],[5.759966986000165,8.002591008000138],[5.764033396,7.99445822600012],[5.76972685700008,7.975752323000052],[5.784366054000145,7.966805867],[5.798192070000141,7.957859380000059],[5.805511850000016,7.950540016000048],[5.815271341000084,7.946473725000089],[5.827470856000048,7.940780271000108],[5.829910744000131,7.936713628000177],[5.834894592000069,7.923977825000065],[5.843737053000098,7.927767141000061],[5.851869972000031,7.933460621000052],[5.860002887000178,7.939153640000086],[5.865695816000027,7.945660128000043],[5.873828976000084,7.95541959500008],[5.886028682000131,7.970872416000134],[5.890908379000052,7.981445414000063],[5.896601608000083,7.986325195000177],[5.907987628,7.999338283000043],[5.912053923000087,8.011537396000165],[5.920187066000096,8.031869856000071],[5.929946882000081,8.04732214400019],[5.934013455000184,8.055455097000106],[5.938893471000029,8.061148556000035],[5.943772773000148,8.07009515500016],[5.948652634000041,8.084734909000133],[5.957599070000072,8.096120837000058],[5.971424920000061,8.10425369300009],[5.97711836600007,8.106693318000055],[5.983624490000125,8.115639742999974],[5.986064484000053,8.122960183000146],[5.988504494000153,8.129465961],[5.990944465000155,8.135159612999985],[5.99826442300008,8.139225953],[6.00314377400008,8.141665594000187],[6.010463698000024,8.145731984000179],[6.01198145799998,8.146301257000118],[6.01796445400015,8.129846145000045],[6.027391871000077,8.120030607000047],[6.027991584000063,8.124246276000065],[6.031504310000116,8.130665762999968],[6.038598740000168,8.134983809],[6.048551301000032,8.13861426000011],[6.07632742300018,8.142386845999965],[6.083439920999979,8.144573589000174],[6.085556015000122,8.14743074200004],[6.083371803000034,8.153094447000171],[6.070181639000054,8.162242564000053],[6.071461238000154,8.162811397000155],[6.068207664000056,8.16769111300016],[6.058448437000038,8.181517496000083],[6.055195352000112,8.192903490000162],[6.055195345000186,8.210796483000138],[6.063328391000027,8.220555226000101],[6.073087618999978,8.227875736000101],[6.073087628999986,8.232755652000094],[6.0714612270001,8.24495494600012],[6.066581175000067,8.259593967000171],[6.066581376000158,8.26447387700017],[6.068207825000172,8.268540519],[6.070647713000085,8.275047388000075],[6.073087676000114,8.282366892000141],[6.077154096000129,8.292126537000058],[6.083660579000139,8.30107217699998],[6.085287169000082,8.307578988000046],[6.089353682000024,8.324658309000029],[6.089353630000176,8.329538217],[6.089353675000098,8.336857764000172],[6.086100564000105,8.343363800000077],[6.087030465000055,8.354029765000178]]]}},{"type":"Feature","properties":{"lga_name":"Ofu","state_name":"Kogi","source":"OCHA/HDX COD-AB Nigeria v01 (OSGOF, Ehealth, UNCS)","lga_pcode":"NG023014","state_pcode":"NG023"},"geometry":{"type":"Polygon","coordinates":[[[7.474266460000024,7.403488122000113],[7.463800859000173,7.402249764000146],[7.450632514000119,7.399286761000042],[7.443718782000076,7.398957715000165],[7.435488509000095,7.39928667200013],[7.424953569000081,7.398957635000158],[7.415405957000019,7.396982628000046],[7.407175942000038,7.398299103],[7.394336725000073,7.400274855000077],[7.386435528000106,7.399286814000106],[7.375900192000074,7.399945352000088],[7.368987126000093,7.399286825000047],[7.365036614000076,7.397640799999976],[7.360756356000138,7.397311727000044],[7.352526112000021,7.39862868],[7.337711438000099,7.401920808000114],[7.330139759000076,7.40257929400002],[7.314008214000182,7.399286798000105],[7.307423577000066,7.398957807000158],[7.304460411000036,7.401262345000077],[7.295901308,7.404554223000105],[7.286024701000031,7.406858950000128],[7.283061909000025,7.409163614000022],[7.278452903000073,7.411468148000097],[7.273185257000137,7.41245557600007],[7.253761657999974,7.407517293000126],[7.25014008,7.402249872000141],[7.2478356740001,7.39072748500007],[7.246848053,7.383484969000165],[7.241580520000014,7.372620591000043],[7.234667274000174,7.364060792000146],[7.213268181000046,7.351880094000023],[7.208659056000158,7.35155047500001],[7.196807437000189,7.350563059000024],[7.179688064000061,7.350891957999977],[7.16454411400008,7.351550650000149],[7.148213036000129,7.355797056000142],[7.147838852000064,7.356230615000015],[7.140381613000102,7.373747438000123],[7.136163820999968,7.384802035000064],[7.132172360000027,7.396780607000153],[7.126545439000154,7.411981141000183],[7.124176555000076,7.423045017000049],[7.128753583000048,7.432298300000184],[7.129666815000121,7.434610428000155],[7.127342796000107,7.436906055000122],[7.121321422,7.438721057],[7.115290765999987,7.442382219000081],[7.112489907000167,7.447444224000151],[7.1101585400001,7.451124321000066],[7.109183310000049,7.460810639000044],[7.108675538000114,7.469576226000072],[7.106329647999985,7.476025120999964],[7.101673554000058,7.482000336999988],[7.093772648000026,7.489343554000186],[7.080810433000181,7.491583218000187],[7.060951664000129,7.485941037000089],[7.045278538000048,7.476166569000156],[7.03196058900005,7.45855875500007],[7.023701171000027,7.446515536000049],[7.022806032000176,7.440972866000095],[7.018689260000031,7.432643615000075],[7.016859472000021,7.428941930000121],[7.014567362999969,7.425237458000026],[7.010880367000084,7.422909999000069],[7.007191199000033,7.421043957000052],[7.003504310000039,7.418716424000138],[6.997033185000134,7.418219741000144],[6.989632005000033,7.418640710000091],[6.982233056999974,7.418600113000025],[6.976237106000099,7.415798194000104],[6.968843623000055,7.414834460000122],[6.960504596000135,7.417557152000143],[6.951716298,7.417969666000147],[6.9424809140001,7.41561053300012],[6.933762254999976,7.410469032000037],[6.92728290000008,7.415559770000073],[6.915790903000186,7.419390531000033],[6.897595745,7.413165674000027],[6.886104150000165,7.413165527000103],[6.877006538000046,7.410771907000139],[6.871260601000074,7.408856405999984],[6.863599415000181,7.412686824000048],[6.849234487,7.42178428800014],[6.847798450000084,7.425136516],[6.844446569000127,7.428488233000166],[6.837264055000048,7.435191552000106],[6.83295487200013,7.439501384000039],[6.827209120000077,7.442852915000117],[6.822899395999968,7.448598934000131],[6.8181108120001,7.451950646000114],[6.813198954000086,7.452984744000105],[6.807577121000122,7.444767895000098],[6.794648638000012,7.441894963999971],[6.78507228400008,7.443810514000063],[6.774537938000151,7.451950458000113],[6.769270802000108,7.458653908000031],[6.765440337000143,7.468230165000023],[6.758737059000111,7.477328276000037],[6.754427352000107,7.48020113299998],[6.739105122000126,7.481158827],[6.736363472000107,7.48194190300012],[6.730737593000129,7.482202453000014],[6.727026298999988,7.48402554900008],[6.720085911000069,7.48444396400015],[6.708541255000171,7.48585728900008],[6.706657817000121,7.474825756000143],[6.702980861000185,7.451844822999988],[6.703900258000147,7.395771017000072],[6.708496629000024,7.369112589000054],[6.702981036000097,7.348889285000098],[6.699304046000179,7.320392621000053],[6.692869170000108,7.294653416000131],[6.691031072999976,7.276268512000058],[6.692869317000032,7.257883551000077],[6.693788488000166,7.243175885000142],[6.690157355000167,7.219572917000164],[6.693304919000184,7.216998109000087],[6.697583608000116,7.20416153900004],[6.700792678000028,7.17848812200009],[6.703430038000135,7.170575532000157],[6.710116410000012,7.175478780000162],[6.710583829000086,7.175348620000022],[6.718059387000039,7.180688414000088],[6.723760171000151,7.187340075],[6.72504960100008,7.193082405000155],[6.72369155500013,7.198367207999979],[6.724086615000147,7.205868100000146],[6.729304804000151,7.219133475000035],[6.73573013500004,7.233811192000076],[6.73623234300004,7.234564250000176],[6.736275130000081,7.23505591300011],[6.737189804000081,7.245577321000042],[6.739105297000037,7.258984628000121],[6.741499417000057,7.264251601000069],[6.743893621000097,7.273828119000029],[6.743893510000021,7.28196798800019],[6.746766670000056,7.288671372000067],[6.752991209000015,7.289629038999976],[6.764961821000156,7.288192622000054],[6.770228747000033,7.280531291000045],[6.776453447000108,7.273349270000097],[6.790818130000162,7.261378825000065],[6.796085424000069,7.254675046000045],[6.807577229000117,7.247014051000065],[6.811886437000112,7.246534804000134],[6.817153370000085,7.245577456000149],[6.82768774900012,7.242225620000113],[6.839179637000086,7.235043165000093],[6.844446638000079,7.235522304000028],[6.864077978000068,7.229776513000104],[6.875569835000135,7.224988019000023],[6.890383869000175,7.217819518000113],[6.891733259999967,7.217507973000181],[6.894385456000066,7.217212089000043],[6.895632563000106,7.217219243999978],[6.897032448,7.217772077000177],[6.898120327000072,7.218401100999984],[6.898743565000132,7.218482377000157],[6.899760505000074,7.217865411000105],[6.902586461000112,7.214456756000061],[6.918243242000131,7.199607585000024],[6.928719459000035,7.199131412000156],[6.931592432000116,7.197694892000129],[6.940403606000132,7.194247328000188],[6.942605444000094,7.19338566700003],[6.949308741000038,7.192427978000069],[6.962716152000155,7.194821780000098],[6.972771305000151,7.194821817],[6.983305525999981,7.194821952000098],[6.990008854000052,7.194821723000189],[6.998149027000068,7.199131420000185],[7.009162053000011,7.200089090000176],[7.019695709000132,7.201525645000117],[7.031666809000114,7.205834902000049],[7.037412782000104,7.211102088000132],[7.041243038000118,7.21732677],[7.042679275000182,7.224030598000127],[7.044116002000123,7.236001056000077],[7.045552121000014,7.241268270000148],[7.04315849600016,7.248450414],[7.044115901000055,7.259942166000144],[7.047946541000101,7.263772508000159],[7.051298139000096,7.261857520000149],[7.064705297000103,7.252759798000056],[7.071888026000124,7.253238713000144],[7.076675768000143,7.252280772],[7.084815856000034,7.248450391000119],[7.087689006000062,7.24845039600018],[7.091519216999984,7.247492918000034],[7.09582900800018,7.245577414000138],[7.099180593000085,7.24701416500011],[7.104447913,7.24414107900003],[7.1135453710001,7.241268131000027],[7.114837860000023,7.240284056000064],[7.123686402000089,7.237682841000037],[7.152433899000073,7.231212254000127],[7.160405129000026,7.22728242200003],[7.16482258800005,7.227304545000038],[7.170552071000088,7.229979752000133],[7.180246160000081,7.234880047000104],[7.188182491000077,7.238007014000118],[7.196251008000047,7.24006320400008],[7.202403899000103,7.238958869000101],[7.21392624900011,7.235008258000164],[7.216560357000105,7.231716085000187],[7.221169456000155,7.227436553000075],[7.233350302000133,7.213938638000172],[7.237959257000171,7.209659190000082],[7.251127724000185,7.191222630000027],[7.263966999000161,7.183979936000071],[7.268905690000167,7.182992502000104],[7.286683181000171,7.182005004000132],[7.298863929000106,7.183321414000147],[7.307423535000055,7.183321452000143],[7.312361616000032,7.189247729000101],[7.317629373000045,7.192868808000128],[7.324871924000036,7.200111822999986],[7.330139563000046,7.207354468],[7.33409011100008,7.217889262000028],[7.338369767000131,7.231716055000163],[7.341003787000147,7.240605297000059],[7.346271136000098,7.246860107000145],[7.344954484000084,7.253444629000114],[7.346600411999987,7.257724260000145],[7.347917059000167,7.265296359000047],[7.351538703000131,7.273197575999973],[7.356476918000055,7.278135644000031],[7.36832855900002,7.281098749000137],[7.372279257000059,7.286365934000116],[7.37622986100007,7.292950142000052],[7.383143528000062,7.295584284000086],[7.388739977000114,7.295584325000164],[7.395982864000132,7.296242803000098],[7.401579297000183,7.300522201000149],[7.402566974000081,7.307106477000161],[7.404542563000064,7.314020288000108],[7.40849309000015,7.322579871000187],[7.418698243000108,7.325871878000157],[7.430879714000014,7.32685946800018],[7.433842087000073,7.327846999000087],[7.441085500000156,7.331139581],[7.447010894000186,7.337394276000168],[7.451949340000056,7.3433203190001],[7.458862603000114,7.350233987000024],[7.463800732999971,7.357805854000048],[7.471043828,7.370316130999981],[7.471373282000116,7.374266722000129],[7.471373311000036,7.384142866000161],[7.47236032700016,7.391715071000078],[7.474006670000051,7.398299326000142],[7.474266460000024,7.403488122000113]]]}},{"type":"Feature","properties":{"lga_name":"Ogori/Magongo","state_name":"Kogi","source":"OCHA/HDX COD-AB Nigeria v01 (OSGOF, Ehealth, UNCS)","lga_pcode":"NG023015","state_pcode":"NG023"},"geometry":{"type":"Polygon","coordinates":[[[6.225323300000127,7.468395656000098],[6.219610813000088,7.469403624000051],[6.213459092000107,7.469403613000111],[6.206281754000088,7.470429068000158],[6.202180845000157,7.480681890000085],[6.198079498000027,7.49606086700004],[6.184750947000055,7.509389435000116],[6.17244755400003,7.519642247000036],[6.158284262000166,7.52829782200007],[6.155834249000065,7.52524511200005],[6.154077003000111,7.522345],[6.150588871000025,7.518876179000074],[6.146535998000161,7.515994929000044],[6.142488843000024,7.513696059999972],[6.137860843999988,7.510819013000059],[6.135551093000117,7.509672108000132],[6.131497024000168,7.50679123600014],[6.128605900000025,7.505064992000143],[6.125720956000066,7.503922859000056],[6.122255763000169,7.502203090000137],[6.118217050000055,7.500486971000157],[6.114750784000137,7.498765991000027],[6.11243305500011,7.497035919999973],[6.110102173000143,7.494140966000089],[6.108335888000113,7.490657857000087],[6.108881976000021,7.488321869000117],[6.108257753000146,7.48424588600011],[6.108795981000071,7.481328007000172],[6.108738841000161,7.476665051000168],[6.109794271000055,7.469077994000088],[6.109147927000095,7.463254093000046],[6.10966398000005,7.458587164000164],[6.110196015000099,7.455084867000039],[6.112411976000033,7.448655029000065],[6.118698252000058,7.446270868000056],[6.127882097999986,7.446197037000047],[6.133061846000146,7.447320069000057],[6.138235120000047,7.447861167999974],[6.142847944000152,7.449572210000156],[6.147432845000026,7.448952278000036],[6.154314119000048,7.44831337300019],[6.15947300400012,7.447688146000075],[6.163475899000105,7.446488757000054],[6.166899327000067,7.444713210000145],[6.170909823000045,7.444097052000131],[6.173170111,7.441164086000072],[6.174274958000012,7.43765677500005],[6.175953770000035,7.434145970000088],[6.17992201800007,7.430033330000185],[6.182785168,7.429427153],[6.186272191000171,7.432896233000179],[6.186306949000027,7.435811007000098],[6.186916868000139,7.438720281000144],[6.189808883000012,7.440444950000085],[6.193274092000138,7.442165792000026],[6.200786054000105,7.446185141000115],[6.208865078000144,7.449615819000144],[6.218709093000086,7.456531115000132],[6.221047757000179,7.460008968000068],[6.223393945000112,7.464070671000115],[6.225323300000127,7.468395656000098]]]}},{"type":"Feature","properties":{"lga_name":"Okehi","state_name":"Kogi","source":"OCHA/HDX COD-AB Nigeria v01 (OSGOF, Ehealth, UNCS)","lga_pcode":"NG023016","state_pcode":"NG023"},"geometry":{"type":"Polygon","coordinates":[[[6.570581082000047,7.869692442000087],[6.567851455999971,7.87286005600015],[6.559578333000161,7.88389122000018],[6.546708981000108,7.887567947000036],[6.537516502000074,7.882971818000158],[6.52924337800016,7.87837541500005],[6.512696776000098,7.872859967000068],[6.496150548000116,7.869183022000016],[6.480523142000095,7.860909982000123],[6.457542015000115,7.857233159000089],[6.445591853999986,7.854474932000073],[6.433641340000122,7.843444369000167],[6.424448889000075,7.833332450000057],[6.408822061000137,7.824139959000036],[6.400548468000068,7.819543734000149],[6.386759834000145,7.811270604000072],[6.37389029600007,7.810351505000142],[6.364697924000154,7.810351253000078],[6.355505562000189,7.808512640000117],[6.344474365000053,7.807593290000057],[6.339878070000168,7.81127077300016],[6.336201325000161,7.818624590000127],[6.324251091000122,7.827817094000068],[6.31533484,7.833265865000158],[6.313220099000091,7.830575037000074],[6.300350581000032,7.822301434000053],[6.294835023000189,7.814028173000054],[6.277369468000074,7.801158911000186],[6.271853961000147,7.791966382000112],[6.268177097000034,7.782773863000045],[6.269096270000148,7.775419703000182],[6.269096336000132,7.763469761000124],[6.268176886000106,7.753357893000157],[6.269096356000148,7.74508481200013],[6.271853817000135,7.729457316000151],[6.270015570000169,7.716588038000054],[6.268176962000098,7.706476092000059],[6.258984638000129,7.706476286999987],[6.244276397000078,7.712911190000113],[6.234164792,7.718426745000045],[6.222214682000185,7.719345923999981],[6.203829704999976,7.720264960000179],[6.186364191000109,7.718426579000038],[6.172575499,7.714749851000136],[6.159705608000024,7.705557375000183],[6.151432408000062,7.700961123000184],[6.133047461999979,7.692687626000179],[6.12753211900008,7.683495103000098],[6.122699319999981,7.678083847000039],[6.121072378,7.669951075000029],[6.121885907000092,7.647178603000157],[6.115379284000085,7.634979154000177],[6.108059915000126,7.621966408000162],[6.104806332000123,7.61464638800004],[6.104806386000121,7.605700361000174],[6.099113610000188,7.594314036000128],[6.098731012000144,7.588197228000126],[6.118761111000026,7.591416899000137],[6.122677716000169,7.583224676999976],[6.123775886000089,7.579134824000107],[6.125701498000069,7.575399839000056],[6.126644027000168,7.572976230000165],[6.154390733000184,7.576302021000117],[6.164052673000072,7.571874785000091],[6.167382830000179,7.569199629000082],[6.173415885000111,7.567145175000064],[6.177018923000162,7.568073184000013],[6.181209997000167,7.570806495000113],[6.194102294000118,7.576607593000176],[6.195879564000052,7.580222574],[6.196736269000155,7.586231555000097],[6.198185168000066,7.59344543800006],[6.20176784500012,7.597074154999973],[6.21707525,7.601992535000136],[6.225497297000061,7.602356354000165],[6.232123141000102,7.601506060000133],[6.236066102000109,7.597333886000058],[6.241827826000076,7.591375050000124],[6.250041437000107,7.579431781000039],[6.252450242000066,7.579149714000096],[6.262369450000108,7.580424161999986],[6.266857362000167,7.583758911000132],[6.271929351000153,7.589498957999979],[6.275854353,7.607835468000133],[6.27492495600012,7.611429986000019],[6.283902132000037,7.618099099000176],[6.312094289000015,7.630611431000034],[6.343652804000044,7.635643075000132],[6.359844653000096,7.643562779000149],[6.360101827000051,7.643967575000033],[6.371132865999982,7.658675755000047],[6.377567195000097,7.664190642000051],[6.38216353700011,7.671545164000179],[6.391356096000152,7.682576040000185],[6.398558015000162,7.698141998000096],[6.40132572400006,7.70952379199997],[6.399769854000112,7.727976011000067],[6.401078173000144,7.744318158000112],[6.408139212000037,7.752889525000114],[6.439425974000187,7.760210191999988],[6.467865207000045,7.767508552000095],[6.483401715000184,7.786788536000131],[6.503218950000189,7.805386833000057],[6.551483757000085,7.831275929000185],[6.553520178000099,7.831870748000085],[6.561417017000053,7.839767350000102],[6.564174745000173,7.848040600000047],[6.569690250000065,7.866425424000113],[6.570581082000047,7.869692442000087]]]}},{"type":"Feature","properties":{"lga_name":"Okene","state_name":"Kogi","source":"OCHA/HDX COD-AB Nigeria v01 (OSGOF, Ehealth, UNCS)","lga_pcode":"NG023017","state_pcode":"NG023"},"geometry":{"type":"Polygon","coordinates":[[[6.404452900000024,7.521543207000093],[6.399629662999985,7.515272958000082],[6.385840834000135,7.499645618000102],[6.366536608000047,7.496888197000089],[6.357344227000169,7.498726417000171],[6.339877968000167,7.500565018000145],[6.3270088700001,7.501484309000091],[6.320574316000091,7.502403237000067],[6.299431316999971,7.514353838999966],[6.294835095,7.525384491000125],[6.290238706000082,7.529981151000129],[6.282885042000089,7.530899989000147],[6.277369424000028,7.533658028],[6.273692520000111,7.54101187700013],[6.264500251000072,7.545607971000095],[6.256227135000188,7.548366066000142],[6.252549689000034,7.552962324000134],[6.247744926000109,7.553105772000094],[6.240303614000084,7.554148588000032],[6.237290812000026,7.554726109000114],[6.232744444000105,7.55919357300013],[6.230631715000186,7.560078215000146],[6.229139057000111,7.558566191000068],[6.226433840000027,7.558245690000092],[6.217693724000185,7.560280510999974],[6.207467831000088,7.559902792000059],[6.192766210000059,7.554688522000106],[6.189177115000177,7.551959931000056],[6.188307057000145,7.547751664000089],[6.185909668000079,7.546532650000131],[6.183505355000023,7.54621411800008],[6.179293977999976,7.546181792000084],[6.173895386000083,7.54403961700001],[6.164695457000107,7.538316060000113],[6.162255901000094,7.533937083000069],[6.159916754000051,7.530458028000112],[6.158284262000166,7.52829782200007],[6.17244755400003,7.519642247000036],[6.184750947000055,7.509389435000116],[6.198079498000027,7.49606086700004],[6.202180845000157,7.480681890000085],[6.206281754000088,7.470429068000158],[6.213459092000107,7.469403613000111],[6.219610813000088,7.469403624000051],[6.225323300000127,7.468395656000098],[6.226923948000092,7.471036838000146],[6.233274069000117,7.473898914000188],[6.237886792000154,7.475611308000111],[6.244790061000117,7.476719719000073],[6.252840094000135,7.477819934000081],[6.255716821000021,7.478380310000091],[6.259168230000057,7.4789336770001],[6.263773883,7.480062996000015],[6.267814173000033,7.481779228000107],[6.270139253000025,7.484090749000131],[6.271889101,7.486409277000121],[6.273073304000036,7.489314182000044],[6.274838057000125,7.492795901000079],[6.276596107000103,7.495697143000143],[6.284101099000054,7.499133182000151],[6.290988948000177,7.499076974000104],[6.292740607000098,7.498807890000023],[6.295756941999969,7.494733051000139],[6.324513164000052,7.444304599000134],[6.336629023,7.434093105000102],[6.357437035000032,7.411069481000084],[6.359298799000044,7.411565517999975],[6.362790121000103,7.409305147999987],[6.367911868000135,7.405765917],[6.375302746000045,7.39987598600004],[6.378143891000036,7.397520968000038],[6.422244922000061,7.416828051000095],[6.426575102000072,7.414612802000079],[6.427671912000051,7.410524010000131],[6.432164054999987,7.402327147000051],[6.432105923000165,7.39766397000011],[6.422241230000111,7.388999996000052],[6.423353292000115,7.386076082000045],[6.426746833000152,7.381968070000141],[6.432457920000104,7.379590927000038],[6.434144072000151,7.376661662],[6.434676269000022,7.373159759000089],[6.434604201000127,7.367331975000184],[6.435657907000063,7.359745113000031],[6.438507007999988,7.357973196000046],[6.442511099000114,7.356773892000149],[6.450531986000044,7.355543135000175],[6.455152910999971,7.357837213999971],[6.459781164000049,7.360713982000163],[6.463261144000057,7.363599681000096],[6.46686988,7.365318657000046],[6.470372063000127,7.363700762],[6.472981883000102,7.360606163000057],[6.475794880000024,7.355919801000084],[6.477480840999988,7.352992038000025],[6.480867859000114,7.348299952000104],[6.485763157000122,7.34199621099998],[6.488796195000077,7.357162458000118],[6.489715627000123,7.373708743000066],[6.487876980000181,7.383820549],[6.488734445000148,7.390679428000055],[6.471570385000177,7.447063570000068],[6.463716879000174,7.463316771999985],[6.455904211000188,7.473562254000058],[6.434322829000109,7.48456980300017],[6.431724351000071,7.487126451000108],[6.430791918000068,7.49741947900003],[6.423831638000081,7.508528417000093],[6.409129299000142,7.51958268900006],[6.404452900000024,7.521543207000093]]]}},{"type":"Feature","properties":{"lga_name":"Olamabolo","state_name":"Kogi","source":"OCHA/HDX COD-AB Nigeria v01 (OSGOF, Ehealth, UNCS)","lga_pcode":"NG023018","state_pcode":"NG023"},"geometry":{"type":"Polygon","coordinates":[[[7.774711988000149,7.30119262300002],[7.768289859000163,7.301933218000102],[7.762870493000094,7.29859816000004],[7.757033998000111,7.297764359000041],[7.745361064000065,7.296930890000112],[7.736605732000044,7.29317853800012],[7.723681693000174,7.289009683000074],[7.709507465000172,7.289009551999982],[7.701586370000143,7.293595427000071],[7.688245816000176,7.29943224800013],[7.669901788000118,7.303184048000048],[7.657811993000166,7.303184102000046],[7.644887892999975,7.308187014999987],[7.634882369000081,7.314857609],[7.629880022000179,7.319859970000095],[7.624460357000032,7.321528073000025],[7.613203988000066,7.32194459800013],[7.597361396000053,7.32277815100008],[7.594443127999966,7.32111084700017],[7.586939520000158,7.3181924430001],[7.581936611000174,7.3152742420001],[7.571514010000158,7.310688369000047],[7.561091261000115,7.303184088000023],[7.553170517000012,7.295680048000179],[7.544415359000027,7.290676965000046],[7.532325845000173,7.289009669000109],[7.517733832000147,7.289426870000057],[7.513981822,7.291510912000035],[7.508562648000179,7.290260306000107],[7.492303524000135,7.288592812000161],[7.482714396,7.291094176000172],[7.473959678000028,7.292344992000096],[7.465621920000103,7.290676950000091],[7.456449746000089,7.289426806000051],[7.45019682200018,7.29234513900019],[7.440190728,7.29442938699998],[7.432270192000146,7.293178587000057],[7.42935160899998,7.29484598900018],[7.419345645000078,7.295680141000105],[7.40892354600004,7.298598141000127],[7.401579297000183,7.300522201000149],[7.395982864000132,7.296242803000098],[7.388739977000114,7.295584325000164],[7.383143528000062,7.295584284000086],[7.37622986100007,7.292950142000052],[7.372279257000059,7.286365934000116],[7.36832855900002,7.281098749000137],[7.356476918000055,7.278135644000031],[7.351538703000131,7.273197575999973],[7.347917059000167,7.265296359000047],[7.346600411999987,7.257724260000145],[7.344954484000084,7.253444629000114],[7.346271136000098,7.246860107000145],[7.341003787000147,7.240605297000059],[7.338369767000131,7.231716055000163],[7.33409011100008,7.217889262000028],[7.330139563000046,7.207354468],[7.324871924000036,7.200111822999986],[7.317629373000045,7.192868808000128],[7.312361616000032,7.189247729000101],[7.307423535000055,7.183321452000143],[7.301497862000133,7.173115733000088],[7.298205945000177,7.165214951999985],[7.297217844000045,7.160605817000146],[7.295571829000039,7.154679656000155],[7.293267199000127,7.148754089000079],[7.291950711000084,7.144145093000077],[7.290304551000133,7.135256392000144],[7.288000013000044,7.126696632000119],[7.285366137999972,7.122087399000065],[7.283719911000105,7.116161728000122],[7.28470813000007,7.112540343999967],[7.288987764000126,7.108589580000114],[7.292938204000166,7.105626548000089],[7.31302030900008,7.102005592000182],[7.327176490000113,7.100359442000013],[7.327775106999979,7.10010840800004],[7.347865422000041,7.094523957000092],[7.359370437000109,7.089282403000027],[7.361144390000049,7.087525934000098],[7.362934390000021,7.08224072500002],[7.367074517,7.064780221000092],[7.3681673480001,7.071227239000052],[7.37525984500013,7.092073206000123],[7.385961808,7.109346229000096],[7.398158564000028,7.11370614100008],[7.417560327000103,7.113790365000114],[7.430476184000042,7.118152301000066],[7.441973497,7.118201322000118],[7.457075840000186,7.115394197000114],[7.465713815000186,7.11184175000011],[7.486626559000172,7.093985161000091],[7.50396824600017,7.070370897999965],[7.526293436000117,7.05754196900017],[7.527767907000168,7.048217271000112],[7.529822860000138,7.032796357000109],[7.530513945,7.032278044000122],[7.543581844000073,7.040121059000057],[7.544227638000052,7.039896156000054],[7.559165001000054,7.046932217000176],[7.567835538000054,7.051305681000031],[7.578678053000033,7.055687364000107],[7.58300540100015,7.060043625000048],[7.584061640000073,7.06764160400013],[7.580765697000118,7.077392941000028],[7.58073624300016,7.084987016000184],[7.58499684200018,7.106700961000115],[7.589311748000114,7.114311466000174],[7.591455207000138,7.121913881000069],[7.605488405000017,7.14474973900019],[7.618469633000132,7.15890237900004],[7.622798658000079,7.163258133],[7.633645167000054,7.167638189000058],[7.646664972000053,7.172025927],[7.686420105000025,7.191008738000107],[7.685693931000174,7.193865201000108],[7.69219294800007,7.199312699000131],[7.708500112000024,7.196115794000036],[7.723709619000033,7.196169024000028],[7.736742758000048,7.197299220000104],[7.767146684000181,7.20174211799997],[7.78337634899998,7.206027538000171],[7.789968921000138,7.216885998000123],[7.793865041000117,7.225825279],[7.794466659000136,7.227205358000049],[7.797056336000082,7.233145323000088],[7.806645176000131,7.254406820000099],[7.818734745000086,7.286925277000137],[7.810814020000123,7.290260317],[7.797056204000057,7.293595301000096],[7.78996867900014,7.29651413900018],[7.779129301000125,7.300682899000151],[7.774711988000149,7.30119262300002]]]}},{"type":"Feature","properties":{"lga_name":"Omala","state_name":"Kogi","source":"OCHA/HDX COD-AB Nigeria v01 (OSGOF, Ehealth, UNCS)","lga_pcode":"NG023019","state_pcode":"NG023"},"geometry":{"type":"Polygon","coordinates":[[[7.676837731000148,8.014471178000065],[7.677225828000189,8.016626254000073],[7.665675917000101,8.019343461000062],[7.624914034000142,8.02953420700004],[7.583472535000055,8.037686194000116],[7.542710521000174,8.043121359000168],[7.505345099000124,8.047198221000144],[7.450995657000078,8.04651837700004],[7.445786741000063,8.04486092400009],[7.430526836000126,8.022709031000034],[7.424780812000051,8.014568410000152],[7.418077426000025,8.007386257000178],[7.409458861000019,7.989669660000061],[7.396530099000188,7.974826390000089],[7.389826663000122,7.960940466000125],[7.385038325000096,7.948969822000151],[7.377856160000078,7.935562749000098],[7.371152766000023,7.926943732000041],[7.358703153000135,7.914015285000175],[7.350563123000029,7.900129787000026],[7.346253787000023,7.874751914],[7.34721144800011,7.859908559000132],[7.34912673600013,7.846980202000054],[7.355204232000119,7.827082056],[7.366753732,7.81145681300012],[7.376943935000043,7.801266302000101],[7.383058663000043,7.791075670000112],[7.388493623000159,7.78699923500011],[7.402080961000138,7.76186270300002],[7.412271431000022,7.736725686000057],[7.427485320000017,7.71834289700007],[7.422144734000085,7.705767529000127],[7.419986712000082,7.703906867000057],[7.416597713000044,7.700498368000183],[7.414444342000138,7.697712295000144],[7.416025689000151,7.689697033000073],[7.416047093000145,7.684760378000078],[7.415891587999965,7.681544943000063],[7.415144839000106,7.67889435900014],[7.412057466000022,7.677338208000037],[7.408975493000185,7.674548064000135],[7.40926940900016,7.669907325000111],[7.40777015700013,7.667137595000099],[7.404701004000117,7.661570698],[7.403471510000145,7.659713984000064],[7.401617871000155,7.659088779000115],[7.401313872000173,7.657853485000032],[7.403484992000188,7.656628679000107],[7.408445402000098,7.654181968000103],[7.419306762000133,7.646515341000168],[7.43111697300003,7.633915689000048],[7.434585570000081,7.618503400000179],[7.447083845000066,7.589244798000095],[7.449013916000183,7.571665885000186],[7.460992241000156,7.555054898000094],[7.471855986000094,7.545843883000089],[7.480695064000088,7.526991375000023],[7.482743104000065,7.520640902000139],[7.489243429000112,7.521513998000103],[7.50553385,7.524708708999981],[7.520540604000189,7.53540510400012],[7.527382930000044,7.549196248999976],[7.537346324000168,7.566753344000062],[7.544807055000092,7.583049030000097],[7.552229349000129,7.60935409800004],[7.553424304000146,7.624373606],[7.557775344000106,7.634400683000024],[7.570312810000075,7.636326515],[7.615475532000119,7.636499533000119],[7.62735088900007,7.647805248000054],[7.643573822000064,7.671013125000115],[7.650098378000052,7.687928713000133],[7.677676705000067,7.694910930000106],[7.701503057000082,7.698749536999969],[7.714028073000065,7.705049601999974],[7.7535945300001,7.688056807000066],[7.752635487000077,7.708192341000029],[7.752635511000051,7.744198842],[7.74469063600003,7.768656650000025],[7.728178297000113,7.792434238000112],[7.692850809000049,7.838631106000093],[7.6697527,7.884828566000124],[7.663638097999979,7.905889040000034],[7.663834543000178,7.914345187000094],[7.679795935000129,7.925033181000174],[7.695012539000061,7.931596635],[7.697174054000129,7.935943639000129],[7.692800577000185,7.941352182000116],[7.677563957000189,7.940212934000158],[7.665040940999972,7.94016767100004],[7.671111268000175,7.982658014000037],[7.676837731000148,8.014471178000065]]]}},{"type":"Feature","properties":{"lga_name":"Yagba East","state_name":"Kogi","source":"OCHA/HDX COD-AB Nigeria v01 (OSGOF, Ehealth, UNCS)","lga_pcode":"NG023020","state_pcode":"NG023"},"geometry":{"type":"Polygon","coordinates":[[[6.082657812000036,8.401764024000045],[6.077967640000111,8.397855702000186],[6.060074871000154,8.393788398000083],[6.040555979000032,8.39297585800017],[6.020223250000186,8.39785587199998],[6.013716737000152,8.400295348000043],[5.990944249000108,8.401922254],[5.978745017000051,8.405175235000115],[5.956785815000046,8.408428062999974],[5.942959738000127,8.412494594000123],[5.925066856000058,8.418188144000112],[5.912053926,8.423880539000095],[5.897414761000164,8.423067990000106],[5.883588696000061,8.423068173],[5.865695883000114,8.423067990000106],[5.849430195000025,8.422254642000098],[5.829097694000041,8.42632106900004],[5.818524814000057,8.427134620000118],[5.805511817000138,8.425507648000178],[5.790872621000176,8.427134487000046],[5.782739482000011,8.427947069000084],[5.766473212999983,8.432826864],[5.748580931,8.437706824000031],[5.719302158000175,8.443400433000079],[5.704662429000052,8.445839890000059],[5.688176712000029,8.452851312],[5.690023064000172,8.441773536000028],[5.688396421000164,8.427134421],[5.688396508999972,8.41574756500006],[5.693276530999981,8.397855830000026],[5.695716331000085,8.38565532500013],[5.694902767000087,8.369389404000117],[5.696529505,8.35312363900016],[5.697342888000094,8.340924329000075],[5.697342914999979,8.326284513000076],[5.698969498000054,8.317338896000024],[5.701409422000097,8.305138589000023],[5.701409346000105,8.292939283000123],[5.699059469000076,8.288240025000164],[5.693928412,8.286143067000012],[5.691094953000118,8.283987317000026],[5.68541493500004,8.28109554800011],[5.681900669000015,8.275383117000047],[5.681991107000044,8.265442329],[5.680706956000108,8.249808097000141],[5.679842956000073,8.240687460000174],[5.66887712099998,8.222182358000111],[5.66340561700008,8.216102758000147],[5.658864331000018,8.201085362000185],[5.658167584000012,8.193445699000165],[5.656001177000121,8.178921998000078],[5.653789153000048,8.169360059000041],[5.648508295999989,8.160151614000085],[5.645132997000076,8.152105473000063],[5.636076799000023,8.13675546800016],[5.635224346000086,8.135115261000067],[5.633905448,8.130279426000072],[5.633091788000058,8.121333147000144],[5.63634531800011,8.107506773000125],[5.636345522000113,8.098560286000179],[5.637158490000047,8.091240937000066],[5.643636244000106,8.073968050000076],[5.648949022000068,8.074360948000049],[5.656256662000033,8.074708913000165],[5.659736125000052,8.069837645000177],[5.653820413000119,8.064270042000032],[5.645817318000127,8.060790170000018],[5.643033404000164,8.059050683000066],[5.63990202500014,8.053830964000156],[5.643033628000182,8.048263518999988],[5.647209042000156,8.040956444000187],[5.64894925699997,8.032605074000173],[5.650689236000176,8.023557704000154],[5.656328105000171,8.0195770200001],[5.662519778000046,8.015206209000041],[5.667391421,8.008595557000035],[5.668087576000119,8.00233186100013],[5.663215595000167,8.000244125000052],[5.656952476000015,7.994328925000161],[5.650732866000055,7.990740735000088],[5.649573347000114,7.987886369000023],[5.647557265000103,7.986158421000027],[5.64755728199998,7.974146818000179],[5.647209100000168,7.966143736000049],[5.645469766000133,7.963011655000116],[5.634334623000086,7.958487890000015],[5.627027078000083,7.957096215999968],[5.614152440000112,7.962315955000122],[5.609628758999975,7.966143526],[5.601625312000067,7.963707325000144],[5.598841579000066,7.958487877000096],[5.598841648000189,7.951876509000044],[5.601973655000052,7.94282950000013],[5.604061648000084,7.926475082000024],[5.608584813000107,7.910816756000088],[5.612412348000021,7.876368137000043],[5.614152494999985,7.865581068999973],[5.623199498000076,7.842963125000153],[5.630506983000146,7.83495986700018],[5.642686001000072,7.82869615900006],[5.656604233999985,7.828348618000177],[5.658838725000066,7.827678318000153],[5.668435055000032,7.829044389000103],[5.688617295000142,7.82974051500014],[5.710191180000038,7.83008800600004],[5.728981390000058,7.828348640000172],[5.737289373000124,7.821079247000114],[5.738130657000056,7.819180466000091],[5.739313111000058,7.821896887000094],[5.740489544000127,7.823891276000154],[5.742338697999969,7.824833668000167],[5.745511407000038,7.826184798000043],[5.750174815999969,7.829076106000173],[5.751021023000078,7.829357981000101],[5.759966865000081,7.834238174000063],[5.77053977200012,7.843997507000097],[5.779486219000034,7.854570508000165],[5.789245652000091,7.86189035100017],[5.80144540900011,7.878969196000071],[5.811205019999989,7.888729017000173],[5.820151428000031,7.896048570000119],[5.826657909000062,7.904995096000164],[5.828284272000076,7.916381257000182],[5.832350744000053,7.922887793000086],[5.834894592000069,7.923977825000065],[5.829910744000131,7.936713628000177],[5.827470856000048,7.940780271000108],[5.815271341000084,7.946473725000089],[5.805511850000016,7.950540016000048],[5.798192070000141,7.957859380000059],[5.784366054000145,7.966805867],[5.76972685700008,7.975752323000052],[5.764033396,7.99445822600012],[5.759966986000165,8.002591008000138],[5.753460443000165,8.02536395200002],[5.753460412000038,8.038376923000158],[5.753635198000154,8.040823844000045],[5.757205720000172,8.047003238000059],[5.762884669000073,8.05468692500017],[5.76890959800005,8.06657200900014],[5.773802184000033,8.076538828000139],[5.775663941000175,8.082662068000161],[5.782049414000141,8.097221758000103],[5.789611672000035,8.108738435000078],[5.794149265000044,8.115648136000061],[5.797927219000144,8.121787944000062],[5.803158066000151,8.137100690000125],[5.808019144000184,8.150883400999987],[5.80792786000012,8.15194449300003],[5.825670316000128,8.18788679000005],[5.839771115000019,8.206471207],[5.863149803000113,8.224424489000057],[5.936769905000176,8.289665042000024],[5.963731123,8.306931201000168],[5.984956133000082,8.321972912000149],[5.987691396000173,8.323031481000044],[6.008837313000186,8.334418425000024],[6.027543076000086,8.344990710000047],[6.049502006000125,8.351496574000066],[6.062514724000152,8.354750701000114],[6.087030465000055,8.354029765000178],[6.079594091000104,8.363696986000036],[6.077967522999984,8.369389626000157],[6.078780723000136,8.377522337000073],[6.08203421200011,8.390535366000051],[6.082657812000036,8.401764024000045]]]}},{"type":"Feature","properties":{"lga_name":"Yagba West","state_name":"Kogi","source":"OCHA/HDX COD-AB Nigeria v01 (OSGOF, Ehealth, UNCS)","lga_pcode":"NG023021","state_pcode":"NG023"},"geometry":{"type":"Polygon","coordinates":[[[5.688176712000029,8.452851312],[5.658304203000057,8.45966611600005],[5.642851709000126,8.462919137000029],[5.599746743000026,8.488944855000113],[5.588360336000164,8.49707802000006],[5.5745344770001,8.506024243000184],[5.554201984999963,8.512530466000158],[5.544442199000173,8.523103589000073],[5.533869258000095,8.530423259000145],[5.524109972000133,8.53693002500006],[5.513207559000023,8.538522623000063],[5.514564105000034,8.53513139],[5.510494360000166,8.535131547000105],[5.503032231000134,8.53445352100016],[5.496249155000044,8.529025933000128],[5.490143647000082,8.518173198000056],[5.476577225000028,8.49985794100013],[5.465723473000139,8.492395297000144],[5.453513709000106,8.486290862000146],[5.446378769000034,8.47971906000015],[5.433111605000079,8.466452523000157],[5.412382034000075,8.452356384000097],[5.396627396000042,8.43826004300007],[5.380872806000184,8.420847063999986],[5.372581045000061,8.409238919000131],[5.35931403100011,8.395142518000057],[5.347705320000159,8.382704684000146],[5.34190083500016,8.37524117099997],[5.330789498000115,8.355672828000138],[5.327473274,8.349039204000178],[5.322829601000137,8.344395707999979],[5.321502720000183,8.34107863600019],[5.323493048000046,8.337099028000068],[5.324504716999968,8.333780171000171],[5.332330174000049,8.331171859000165],[5.335808175000182,8.328563619000022],[5.343198732000133,8.321607637],[5.347546215000079,8.315521315000012],[5.353197459000114,8.309869734000017],[5.353197491000117,8.305522956000118],[5.352762776000134,8.298131977000082],[5.35319766900011,8.286828944000035],[5.356675277000079,8.274656340000035],[5.362761468000144,8.273352590000172],[5.372326040000189,8.274221534000162],[5.38102062300004,8.27813428900015],[5.387541433000081,8.283351038000035],[5.397105626000155,8.292045683000083],[5.404496089000133,8.292045640000026],[5.418407548,8.283785874000102],[5.421450636000088,8.27378763300004],[5.419711546000087,8.267701121000016],[5.421885375000102,8.261614782000152],[5.422319790000074,8.251180572000123],[5.418842214999984,8.235530751000113],[5.422319892000075,8.228139774000113],[5.431884212000057,8.224661802000071],[5.44231800100016,8.218141651000167],[5.457533390000094,8.206403844000022],[5.466227858000025,8.20249079000007],[5.471879501000046,8.20422942900018],[5.477531350000049,8.205099092000069],[5.481582452,8.207327216000067],[5.488231069000108,8.208274914000128],[5.500517481000031,8.206101752999984],[5.51009908900005,8.20619277700007],[5.517384625000147,8.20588007900011],[5.526977134000049,8.204825784000036],[5.537386699000081,8.198435538000126],[5.539360952000095,8.192347204000157],[5.539691364000078,8.190689088000056],[5.538394026000049,8.178580309000154],[5.537089952000144,8.163364318000163],[5.536654908,8.156409259000156],[5.532742430000155,8.14684494300019],[5.526221313000121,8.13902004900001],[5.517961624000179,8.131194134999987],[5.504484566000087,8.123804203000134],[5.497963933000165,8.114674434000165],[5.497963822999964,8.110664466000173],[5.506978517000164,8.11124610600018],[5.513938033999978,8.111246010000173],[5.514633621000087,8.104982344000064],[5.513937818000159,8.096631124000112],[5.512894273000029,8.089672203000134],[5.513589915000068,8.083756369000184],[5.512546143,8.076796607000063],[5.51045843300011,8.066705651],[5.507326620000072,8.045479869000076],[5.507326560000081,8.03712842100009],[5.505580807000115,8.032327603000056],[5.504542828000126,8.029473357000143],[5.503847044000111,8.023557571000026],[5.505934631000116,8.018686365000065],[5.508718415000033,8.017642983000087],[5.516025512000056,8.022166210000137],[5.525768787000175,8.030865578000146],[5.531684475000077,8.035040760000072],[5.537599559000114,8.04060836900004],[5.54525515500012,8.044088498000121],[5.55082219000019,8.051047388000029],[5.555031838000161,8.054554859000064],[5.559173445000113,8.05800625300003],[5.57274449300013,8.068446020000067],[5.576571877000106,8.0712299650001],[5.599189785000078,8.073665658999971],[5.624591446000125,8.072621338000033],[5.639554011000143,8.073665711],[5.643636244000106,8.073968050000076],[5.637158490000047,8.091240937000066],[5.636345522000113,8.098560286000179],[5.63634531800011,8.107506773000125],[5.633091788000058,8.121333147000144],[5.633905448,8.130279426000072],[5.635224346000086,8.135115261000067],[5.636076799000023,8.13675546800016],[5.645132997000076,8.152105473000063],[5.648508295999989,8.160151614000085],[5.653789153000048,8.169360059000041],[5.656001177000121,8.178921998000078],[5.658167584000012,8.193445699000165],[5.658864331000018,8.201085362000185],[5.66340561700008,8.216102758000147],[5.66887712099998,8.222182358000111],[5.679842956000073,8.240687460000174],[5.680706956000108,8.249808097000141],[5.681991107000044,8.265442329],[5.681900669000015,8.275383117000047],[5.68541493500004,8.28109554800011],[5.691094953000118,8.283987317000026],[5.693928412,8.286143067000012],[5.699059469000076,8.288240025000164],[5.701409346000105,8.292939283000123],[5.701409422000097,8.305138589000023],[5.698969498000054,8.317338896000024],[5.697342914999979,8.326284513000076],[5.697342888000094,8.340924329000075],[5.696529505,8.35312363900016],[5.694902767000087,8.369389404000117],[5.695716331000085,8.38565532500013],[5.693276530999981,8.397855830000026],[5.688396508999972,8.41574756500006],[5.688396421000164,8.427134421],[5.690023064000172,8.441773536000028],[5.688176712000029,8.452851312]]]}}]}
