{"type":"FeatureCollection","name":"Kogi State LGA reference boundaries","metadata":{"feature_count":21,"crs":"EPSG:4326","geometry_source":"qedsoftware/geojson_data/nigeria-lga.geojson","authoritative_reference":"Nigeria OSGOF administrative boundaries as distributed through OCHA COD / ArcGIS","usage_note":"Reference overlay for map display and LGA identification. It is not used to calculate change area inside user polygons."},"features":[{"type":"Feature","properties":{"lga_name":"Adavi","source_name":"Adavi","state":"Kogi","country":"Nigeria","role":"reference_lga_overlay"},"geometry":{"type":"Polygon","coordinates":[[[6.693800926000165,7.757830144000138],[6.682342052000081,7.752169132000176],[6.669735909000053,7.742936134000047],[6.646513938000055,7.733420848000037],[6.624215126000138,7.72389221200018],[6.61134386000009,7.712586879000128],[6.593167781000147,7.70137596100011],[6.57826709800014,7.692873001],[6.561260223000147,7.68256187500009],[6.552774905999968,7.671414852000112],[6.532484055000054,7.657702922000169],[6.515705109000123,7.647155763000114],[6.503117084000166,7.63907623200015],[6.492136954000102,7.630504132],[6.479022027000042,7.6185159690001],[6.445058823000124,7.60088682200012],[6.428410053000164,7.584118844000045],[6.422462940000059,7.573159218000114],[6.422207832000083,7.571549893000054],[6.419432163000181,7.556851864000123],[6.408091068000033,7.540223122000043],[6.400877953000133,7.522140026999978],[6.396796227000095,7.512303829000075],[6.394824029000176,7.504501821000076],[6.393589019000103,7.499454022000123],[6.392838954000126,7.494750024000098],[6.392562866000048,7.493020058000127],[6.391064168000014,7.485901832000025],[6.389823913000157,7.48062419900009],[6.385332107000124,7.473785877000068],[6.379714011000146,7.46881294300016],[6.363005161000046,7.462644100000034],[6.345204829000181,7.460410118000084],[6.326323032000118,7.462343215999965],[6.317808151000179,7.463640214000179],[6.317810058000077,7.463870049000093],[6.307485104000023,7.46726989900003],[6.293479920000152,7.471425056000044],[6.275271892000092,7.486711025000091],[6.255953788999989,7.504549981000139],[6.231772898999964,7.521319866000056],[6.217083931000161,7.52594709300007],[6.195981026000027,7.533446790000028],[6.17960786899999,7.533724785000175],[6.16145896900008,7.538409232000106],[6.149395943000115,7.53423595400011],[6.139667988000042,7.531865121000124],[6.139438152000025,7.531871796000075],[6.13597583700016,7.531696797000052],[6.130249023999966,7.534099103000074],[6.122082234000175,7.542761804000122],[6.122533798000063,7.546438218000048],[6.130232811000155,7.547463893999975],[6.149230956000054,7.552671910000129],[6.163651944000094,7.559801102000108],[6.176752090999969,7.571098804000144],[6.188186169000119,7.579201221000062],[6.20042514700009,7.579916000000139],[6.216415882000035,7.584484100999987],[6.226226806,7.577865124000084],[6.244830131000128,7.572711945000151],[6.254798890000131,7.575767995000035],[6.270588875000158,7.58218383799999],[6.290106772000115,7.590839863999975],[6.312164783000071,7.599682808000182],[6.321596145000058,7.597909928000036],[6.334596157000135,7.602987766000069],[6.346919059000072,7.609001160000048],[6.353468894000116,7.614651203000108],[6.36190891199999,7.623033048000025],[6.366758823999987,7.637697220000064],[6.371354102000112,7.650753974000054],[6.380086899000105,7.663047790000064],[6.39410209600004,7.673641204000148],[6.406561852000152,7.688175202000082],[6.414515972000117,7.694953918000181],[6.430193902000042,7.708745004000093],[6.449991227,7.720390797000107],[6.464529038000023,7.734890939000081],[6.485211850000155,7.744450092000079],[6.496640205000119,7.752089023000053],[6.501622201000032,7.760530948000167],[6.51264381500016,7.77163505599998],[6.523290157000133,7.788044930000069],[6.529159069000059,7.794398785000112],[6.533530236000161,7.807917119000024],[6.543691158000172,7.822721958000102],[6.547721864000039,7.829566002999968],[6.553925992000188,7.833736896000062],[6.560826778000092,7.826810837000096],[6.580613135000021,7.823479176000035],[6.603394985000079,7.820098877000078],[6.619482994000123,7.816370010000185],[6.62037420300004,7.814509868000073],[6.645309924000117,7.815931797000076],[6.653046132000156,7.809117795000077],[6.669916152000155,7.796851158000038],[6.683540821000065,7.783486844000095],[6.690578938000044,7.762169838000034],[6.693800926000165,7.757830144000138]]]}},{"type":"Feature","properties":{"lga_name":"Ajaokuta","source_name":"Ajaokuta","state":"Kogi","country":"Nigeria","role":"reference_lga_overlay"},"geometry":{"type":"Polygon","coordinates":[[[6.670291900000166,7.21875095300004],[6.662252903000137,7.224899769000046],[6.65642595300011,7.235842229000014],[6.655930997000041,7.248076915000183],[6.653337003000161,7.258964063000178],[6.644199847000152,7.265118123000093],[6.638064862000135,7.271221162000131],[6.625075816000106,7.281824112000095],[6.618094921000136,7.278482915000097],[6.60490083600007,7.27639913500019],[6.594954967000035,7.275185108000187],[6.588860989000125,7.269521237000106],[6.580056191000097,7.267594815000052],[6.571380138000166,7.259208202000025],[6.564321042000188,7.26532697600004],[6.551328183000123,7.261394024000083],[6.538328171000046,7.257003784000062],[6.530676842000162,7.255054952000137],[6.519789220000121,7.252703189000158],[6.511215211000092,7.250774861000139],[6.503843785000186,7.251823903000059],[6.498704910000129,7.262522222000143],[6.49318504300004,7.278071881000017],[6.497857095000086,7.281455039000036],[6.497012138000059,7.286314012000162],[6.490849019000052,7.290801049000038],[6.485148907,7.295283795000046],[6.480545044000053,7.31035614100017],[6.480388164000033,7.314973832000021],[6.477290154,7.323330879000025],[6.476675034000095,7.323489188999986],[6.476788998000131,7.323618889999977],[6.477492810000115,7.324297904000048],[6.481101037000144,7.333453178000127],[6.481222153000033,7.340824128000179],[6.482659817000126,7.344255924000095],[6.483911037000098,7.350224972000149],[6.485446931000183,7.359646798000028],[6.483051776000138,7.368444920000059],[6.481157780000103,7.379766941000071],[6.480589866000173,7.387380123000128],[6.477324010000132,7.399415969000131],[6.473810196000045,7.410305024000024],[6.469603060999987,7.421206950000055],[6.464876174000153,7.428429126000026],[6.456901073000097,7.434556008000186],[6.452141762000053,7.439933778000182],[6.442841052,7.44954109300005],[6.437473773000136,7.460000038000089],[6.430685997000182,7.468180179000058],[6.419347763000133,7.480354787000181],[6.411580087000118,7.48509311700019],[6.40610408800012,7.488642215000027],[6.395326138000087,7.492742062000048],[6.392838954000126,7.494750024000098],[6.393589019000103,7.499454022000123],[6.394824029000176,7.504501821000076],[6.396796227000095,7.512303829000075],[6.400877953000133,7.522140026999978],[6.408091068000033,7.540223122000043],[6.419432163000181,7.556851864000123],[6.422207832000083,7.571549893000054],[6.422462940000059,7.573159218000114],[6.428410053000164,7.584118844000045],[6.445058823000124,7.60088682200012],[6.479022027000042,7.6185159690001],[6.492136954000102,7.630504132],[6.503117084000166,7.63907623200015],[6.515705109000123,7.647155763000114],[6.532484055000054,7.657702922000169],[6.552774905999968,7.671414852000112],[6.561260223000147,7.68256187500009],[6.57826709800014,7.692873001],[6.593167781000147,7.70137596100011],[6.61134386000009,7.712586879000128],[6.624215126000138,7.72389221200018],[6.646513938000055,7.733420848000037],[6.669735909000053,7.742936134000047],[6.682342052000081,7.752169132000176],[6.693800926000165,7.757830144000138],[6.700284958000054,7.749101163000091],[6.707892894000167,7.734456062000106],[6.730103015000111,7.709884167000155],[6.747141838000061,7.693697929000052],[6.759096146000104,7.686018944000011],[6.759602070000028,7.679663181000024],[6.752446175000102,7.650750161000133],[6.741582871000105,7.635264872999983],[6.722300052000094,7.598266125000066],[6.698644161000061,7.576314926000066],[6.697066784000015,7.550073146000045],[6.697594167000034,7.525640964000047],[6.701056004000066,7.497241021000036],[6.70483017100014,7.473905087000162],[6.706170081000153,7.456831932000171],[6.706592083000089,7.451698779000083],[6.707519054000102,7.440449237000109],[6.708073140000124,7.431913852000037],[6.708603858000174,7.407710075000182],[6.707766056000139,7.384452820000092],[6.711682797000094,7.355583190000061],[6.707485197999972,7.324317933000032],[6.695960045000049,7.296402932000035],[6.694063186000051,7.293208122000181],[6.68592500699998,7.274912835000123],[6.677822113000161,7.258921146000091],[6.671422005000124,7.23414421200016],[6.670291900000166,7.21875095300004]]]}},{"type":"Feature","properties":{"lga_name":"Ankpa","source_name":"Ankpa","state":"Kogi","country":"Nigeria","role":"reference_lga_overlay"},"geometry":{"type":"Polygon","coordinates":[[[7.754659175000086,7.641129971000169],[7.757396221000022,7.603496075000123],[7.762159824000094,7.569502832000069],[7.763687133000076,7.53533220300011],[7.770736218000081,7.499917031000166],[7.778335095000045,7.470026016000077],[7.783722877000173,7.446172238000145],[7.804230213000153,7.429213048000065],[7.820442200000116,7.428349018000176],[7.823375225000063,7.428194045000055],[7.857644081000046,7.434299946000124],[7.881534100000067,7.426740170000073],[7.875751972000046,7.397541999000168],[7.85581398000005,7.378039837000188],[7.848320007000041,7.357173920000093],[7.847508908000179,7.348236084000064],[7.844954014000166,7.32008981700011],[7.841527938000013,7.293848992000108],[7.835499763000144,7.275340080000035],[7.814630033000185,7.287131787000021],[7.78982210300012,7.293542863000084],[7.768602848000114,7.293900967000013],[7.752850055000124,7.289789200000087],[7.74054384100009,7.284930229000111],[7.724359990000153,7.282669068000189],[7.707822800000031,7.287097931000062],[7.688335895000137,7.294570924000141],[7.671514034000154,7.295776844999978],[7.656752110000184,7.29579687100005],[7.639689923000049,7.310599805000038],[7.607000828000082,7.314842224000131],[7.587569238000071,7.311483861],[7.579141140000161,7.303792001000033],[7.564636231,7.291364193000106],[7.550898075000021,7.283302783000124],[7.528791904000173,7.285981179000032],[7.510807991000092,7.286517144000072],[7.496975898000073,7.286981106000098],[7.470695019000118,7.288118839000163],[7.450843811000027,7.287302970999974],[7.429344176000086,7.284440041000096],[7.41499710100004,7.281689167000025],[7.408362865000186,7.280303954999965],[7.404644966000149,7.283477784000127],[7.402656078000064,7.288808823000068],[7.402056217000109,7.294579984000165],[7.403800011000158,7.30261421300014],[7.405508994000058,7.308345794000161],[7.410170078000078,7.31126308600011],[7.418539047000024,7.315269946],[7.429203034000125,7.318544864999978],[7.438456058000099,7.320231914000033],[7.446123122000131,7.323558807000097],[7.454516888000114,7.32894516000016],[7.463654993999967,7.337777138000092],[7.464893817000075,7.343054771000084],[7.467043877000151,7.347627163000027],[7.471342086999982,7.356541157000038],[7.472194194000053,7.366434098000127],[7.474689961000081,7.378141879999987],[7.474180222000086,7.389441966999982],[7.474899768000114,7.393030167000063],[7.476438045000123,7.400693894000085],[7.475628853000103,7.407620905999977],[7.4771881100001,7.418424130000176],[7.479001998000058,7.430836201000147],[7.481038093000052,7.442553043000089],[7.481246947999978,7.455452920000084],[7.481052876000092,7.472046853000052],[7.480455876000121,7.492104055000084],[7.481963157,7.493755817000022],[7.485622883000133,7.497776031000114],[7.48959302899999,7.500933171000042],[7.496204854000041,7.510271073000126],[7.508111000000156,7.519053935000102],[7.524903774000165,7.53029108200019],[7.540284157000031,7.539937974000111],[7.545570850000047,7.552981853000119],[7.547095776000106,7.561713219000126],[7.555362223999964,7.57355499199997],[7.564109800999972,7.58677005800007],[7.572795868000071,7.596070767000185],[7.582363129000044,7.602821828000174],[7.598598002000131,7.608075142000189],[7.617378235000103,7.61397981600004],[7.631062031000056,7.618587017000152],[7.643177986000069,7.625985146],[7.664721966000059,7.631611825000107],[7.685771942000031,7.635171891000141],[7.708178044000078,7.637094973999979],[7.730587005000132,7.639020919000075],[7.754659175000086,7.641129971000169]]]}},{"type":"Feature","properties":{"lga_name":"Bassa","source_name":"Bassa","state":"Kogi","country":"Nigeria","role":"reference_lga_overlay"},"geometry":{"type":"Polygon","coordinates":[[[6.706592083000089,7.451698779000083],[6.706170081000153,7.456831932000171],[6.70483017100014,7.473905087000162],[6.701056004000066,7.497241021000036],[6.697594167000034,7.525640964000047],[6.697066784000015,7.550073146000045],[6.698644161000061,7.576314926000066],[6.722300052000094,7.598266125000066],[6.741582871000105,7.635264872999983],[6.752446175000102,7.650750161000133],[6.759602070000028,7.679663181000024],[6.759096146000104,7.686018944000011],[6.757299900000021,7.708502770000166],[6.75865221000015,7.749262810000062],[6.763259889000096,7.763240815000074],[6.771561145000021,7.783792018000099],[6.778663158000143,7.788327218000177],[6.790544033,7.795499802000165],[6.802643777000185,7.80197715800017],[6.816390991000048,7.810499192000066],[6.824776172000099,7.815425873000095],[6.841503143000068,7.822747231000164],[6.854753971000036,7.828973770000118],[6.870759964000058,7.834464073000049],[6.888346195,7.837852954000084],[6.903828143000055,7.839433193000161],[6.92514515,7.845294],[6.936035157000163,7.848104954000121],[6.949020863000101,7.852491855000096],[6.956939220000038,7.856967927000085],[6.96351194500005,7.866782189000162],[6.96558380200014,7.867534160000105],[6.975430011000128,7.876823903],[6.997707845000036,7.898128986000017],[7.01866722200009,7.909308910000107],[7.043509961000041,7.917882919000135],[7.065597056000115,7.927424909000081],[7.084700109000039,7.938173770000105],[7.096085072000108,7.942593097000099],[7.11559391100019,7.949874878000116],[7.128400802000158,7.956577777000064],[7.146525861000157,7.963881969999989],[7.168173790000139,7.974814892000097],[7.188149929000133,7.982320786000116],[7.21204710100011,7.989524841000105],[7.235704900000144,7.996273995000081],[7.263492107000047,8.001338005000036],[7.296637058000044,8.009307861000082],[7.332090854,8.01747036100005],[7.368525981000118,8.029076577000069],[7.388833045000069,8.03142929000012],[7.399754047000044,8.032695771000022],[7.421953202000111,8.034854890000076],[7.426154137000026,8.035486222000088],[7.420326233000083,8.024465561000113],[7.414570809000111,8.010969161000048],[7.41047096200009,7.999979019000023],[7.402431965000119,7.98790216500015],[7.397724152000023,7.981989860999988],[7.384893893000083,7.973221780000074],[7.377739906000158,7.958827018000079],[7.376193046000026,7.948715211000035],[7.371662140000126,7.939572811000119],[7.368062972000075,7.931110859000057],[7.36260509400006,7.921525002000124],[7.353267193000022,7.914772033000133],[7.341756822000036,7.90206289299999],[7.340032101000077,7.895180225000047],[7.336935043000153,7.889241219000155],[7.335038185000087,7.871761798000136],[7.332492828000056,7.857057094000083],[7.333367824000163,7.839760781000109],[7.335824966000075,7.833493232000137],[7.33557415000007,7.833501815000034],[7.33268880899999,7.826406955000095],[7.324907780000046,7.815941810000083],[7.319269180000163,7.809585094000113],[7.311337949,7.804190159000029],[7.293015958000069,7.798048019000078],[7.27285385100015,7.792397976000188],[7.254507066000087,7.784874915999978],[7.241253852000057,7.77841806400005],[7.223187923000182,7.77388477400018],[7.210888862000161,7.769484043000091],[7.189809799000159,7.764081955000051],[7.181662082000059,7.759379864000095],[7.16757393000006,7.744181157000128],[7.152805805000185,7.72968483],[7.139705181000124,7.718385221000062],[7.133760930000108,7.707427025000015],[7.12229919300006,7.697710992],[7.107131958000025,7.686907768000026],[7.089698791000103,7.678907871000092],[7.068653107000102,7.675579072000062],[7.048973084000068,7.671074867000129],[7.028365134000126,7.66635322500008],[7.019158840000102,7.66766119100015],[7.005341053000166,7.669048786000133],[6.989405156000089,7.667933942000047],[6.976435185000128,7.664698125000143],[6.969148159000099,7.656297207000136],[6.959070207000082,7.646557808000125],[6.948022842000057,7.633842944000037],[6.94162511900015,7.623352050000108],[6.931989193000106,7.61245584500017],[6.917295932000172,7.602563858000167],[6.904798984000024,7.600011826000014],[6.886527062000027,7.59709692000007],[6.873349190000056,7.595245838000039],[6.857120037000072,7.590219975000139],[6.846848011000134,7.582789897000168],[6.838172912000118,7.57418203400016],[6.824607849000131,7.562661171000059],[6.81837415699999,7.548019885000087],[6.812181949000149,7.536142826000116],[6.80784893100008,7.524926186000016],[6.808053970000117,7.509024143000147],[6.806150914,7.491312980000089],[6.806615830000112,7.477248191000172],[6.807716847000165,7.459719182000129],[6.805839062000132,7.443391800000086],[6.805685997000182,7.433947087000149],[6.806317806000152,7.430250169000146],[6.806036949000088,7.427259922000076],[6.805535793000047,7.425983906000056],[6.804594992999967,7.423596860000089],[6.803816795000103,7.418310165000094],[6.792418958000155,7.412511825000081],[6.784061909000172,7.409197808000101],[6.776257993000172,7.41163396900015],[6.770348071,7.41703415000012],[6.76978492700016,7.425107956000033],[6.764358997999977,7.431881905000182],[6.759878158000163,7.44002294500018],[6.754672051000057,7.446331977999989],[6.748289108000165,7.450819015000093],[6.743000984000105,7.45205879299999],[6.73537492700018,7.451265811000098],[6.72705221200016,7.450024128000166],[6.714364052000178,7.45000982300013],[6.706592083000089,7.451698779000083]]]}},{"type":"Feature","properties":{"lga_name":"Dekina","source_name":"Dekina","state":"Kogi","country":"Nigeria","role":"reference_lga_overlay"},"geometry":{"type":"Polygon","coordinates":[[[7.481963157,7.493755817000022],[7.480455876000121,7.492104055000084],[7.481052876000092,7.472046853000052],[7.481246947999978,7.455452920000084],[7.481038093000052,7.442553043000089],[7.479001998000058,7.430836201000147],[7.4771881100001,7.418424130000176],[7.475628853000103,7.407620905999977],[7.476438045000123,7.400693894000085],[7.474899768000114,7.393030167000063],[7.474240780000116,7.39312982500013],[7.473271847000149,7.39038086100004],[7.456571102000055,7.384672166000144],[7.436262130000102,7.384092808000162],[7.411084175000099,7.381987095000113],[7.383828163000032,7.379912853000064],[7.359657765000179,7.383088112000166],[7.338177203999976,7.381379129000095],[7.320858001999966,7.380289078000033],[7.299406052000165,7.380421162000118],[7.285387039999989,7.383653163000133],[7.27507209700002,7.387746812000159],[7.265892028999986,7.390667916000098],[7.257593155000109,7.391037941000036],[7.250637054000151,7.388852119000035],[7.247787953000056,7.383831024000187],[7.24282884600018,7.376772880999965],[7.238990784000066,7.367619992000186],[7.237685203000126,7.358194827999966],[7.23319101400017,7.351357937000159],[7.229606152000031,7.34358596800007],[7.219114780000041,7.336851120000063],[7.206602095999983,7.333375932000138],[7.196881771000164,7.331466198000044],[7.174698829000079,7.32907676800005],[7.157003879000058,7.333293916000059],[7.145606040000132,7.341781139000034],[7.137003899000092,7.351833820000024],[7.127768994000121,7.365587234000031],[7.114229202000161,7.384247781000113],[7.102581977000057,7.405877114000134],[7.097906113000079,7.416094781000083],[7.094545840000137,7.422373772000128],[7.089117051000073,7.429144860000122],[7.088841915000046,7.440440179000063],[7.091556072,7.451455116999966],[7.090116025000157,7.46231079100005],[7.084712029000116,7.470466136000084],[7.077365875000169,7.472662926000112],[7.070888997000054,7.471621037000148],[7.059957982000185,7.466045856000108],[7.05622005399999,7.46311283100016],[7.049219131000086,7.458162785000013],[7.043581962000076,7.452035905000059],[7.03885793600017,7.445203782000078],[7.032035828000062,7.43702602400009],[7.028251171000022,7.431097984000075],[7.02835321399999,7.423262119000185],[7.02732992100016,7.417058946],[7.025168896000139,7.411796094000124],[7.023857118000137,7.40191078100014],[7.020069123000155,7.395983219000129],[7.010304928000096,7.391308783999989],[6.995304107000152,7.390873909000163],[6.979868889000045,7.392286778000084],[6.967870234000145,7.392028808000077],[6.961183071000107,7.39214277300016],[6.94940614699999,7.391420842000059],[6.937820911000131,7.388391972000079],[6.920766830000105,7.389369010999985],[6.906439781000131,7.387769223000134],[6.887693882000121,7.384171010000045],[6.867735862000131,7.376671791000149],[6.860196114000132,7.38117981],[6.850850106000053,7.388020038000036],[6.847469807000095,7.393146038000111],[6.842496872000083,7.399452211000096],[6.835657119000018,7.404407025000069],[6.829535007000118,7.410962105000124],[6.819729805000065,7.418041229000039],[6.814928055000166,7.420657157000107],[6.811933040000042,7.420938015000047],[6.807789803000162,7.421469212000034],[6.807400227000073,7.425854206000167],[6.805535793000047,7.425983906000056],[6.806036949000088,7.427259922000076],[6.806317806000152,7.430250169000146],[6.805685997000182,7.433947087000149],[6.805839062000132,7.443391800000086],[6.807716847000165,7.459719182000129],[6.806615830000112,7.477248191000172],[6.806150914,7.491312980000089],[6.808053970000117,7.509024143000147],[6.80784893100008,7.524926186000016],[6.812181949000149,7.536142826000116],[6.81837415699999,7.548019885000087],[6.824607849000131,7.562661171000059],[6.838172912000118,7.57418203400016],[6.846848011000134,7.582789897000168],[6.857120037000072,7.590219975000139],[6.873349190000056,7.595245838000039],[6.886527062000027,7.59709692000007],[6.904798984000024,7.600011826000014],[6.917295932000172,7.602563858000167],[6.931989193000106,7.61245584500017],[6.94162511900015,7.623352050000108],[6.948022842000057,7.633842944000037],[6.959070207000082,7.646557808000125],[6.969148159000099,7.656297207000136],[6.976435185000128,7.664698125000143],[6.989405156000089,7.667933942000047],[7.005341053000166,7.669048786000133],[7.019158840000102,7.66766119100015],[7.028365134000126,7.66635322500008],[7.048973084000068,7.671074867000129],[7.068653107000102,7.675579072000062],[7.089698791000103,7.678907871000092],[7.107131958000025,7.686907768000026],[7.12229919300006,7.697710992],[7.133760930000108,7.707427025000015],[7.139705181000124,7.718385221000062],[7.152805805000185,7.72968483],[7.16757393000006,7.744181157000128],[7.181662082000059,7.759379864000095],[7.189809799000159,7.764081955000051],[7.210888862000161,7.769484043000091],[7.223187923000182,7.77388477400018],[7.241253852000057,7.77841806400005],[7.254507066000087,7.784874915999978],[7.27285385100015,7.792397976000188],[7.293015958000069,7.798048019000078],[7.311337949,7.804190159000029],[7.319269180000163,7.809585094000113],[7.324907780000046,7.815941810000083],[7.33268880899999,7.826406955000095],[7.33557415000007,7.833501815000034],[7.335824966000075,7.833493232000137],[7.338461875,7.826772212000037],[7.34841203600007,7.814389229000142],[7.364291190000074,7.78347683100003],[7.370410919000108,7.776690006000081],[7.382736207000107,7.75436210700019],[7.390398979000111,7.743171215000075],[7.397224903000051,7.737295152000172],[7.412271023000073,7.712156774000164],[7.424210071000061,7.69421100600016],[7.430416106000109,7.678668977000029],[7.431149960000084,7.652618884000162],[7.432681083000034,7.633238793000032],[7.43721723499999,7.599981785000125],[7.448193074000187,7.579748154000129],[7.455438136000112,7.557044983000026],[7.464818954000179,7.537992],[7.46768617500004,7.529878140000164],[7.470540047000043,7.520843984000123],[7.47221279199999,7.510216236000076],[7.476029874000176,7.503699781000137],[7.478473186000031,7.497897148999982],[7.480493068000158,7.494406223000169],[7.481963157,7.493755817000022]]]}},{"type":"Feature","properties":{"lga_name":"Ibaji","source_name":"Ibaji","state":"Kogi","country":"Nigeria","role":"reference_lga_overlay"},"geometry":{"type":"Polygon","coordinates":[[[6.905935764000105,6.776175022000132],[6.905745030000162,6.775268077000135],[6.900272847000053,6.76521015100019],[6.890602110999964,6.752456188000167],[6.884262084000056,6.745873927000048],[6.875144959000011,6.738876819000041],[6.859334946000104,6.731994152000141],[6.848549843000114,6.721796989000097],[6.839674950000017,6.715489864000062],[6.836564064000015,6.708621026000174],[6.823181152000132,6.694775105000019],[6.82045984199999,6.683518888000151],[6.815598011000191,6.668375968000078],[6.811213016000181,6.654144764000137],[6.805685997000182,6.64062976800011],[6.803176879000091,6.628215789000137],[6.804570197000089,6.614348889000155],[6.803773880000165,6.607902050000064],[6.80289220800006,6.596152784000139],[6.802237988000115,6.584167005000097],[6.799116134000087,6.576607228000114],[6.796557904000167,6.570620060000181],[6.796419143000151,6.570476056000132],[6.778864860000112,6.552268028000128],[6.772492886000123,6.543609142000093],[6.763138771,6.536153793000096],[6.749404907000041,6.529236793000109],[6.740189075000103,6.530317784000147],[6.727522849000138,6.532380105000129],[6.711628914000187,6.534725190000131],[6.697155952000116,6.539125919000185],[6.691397189000156,6.539916993000077],[6.679070949000106,6.534358025000188],[6.668149947000131,6.529930116],[6.664391041000158,6.527450085000055],[6.66289806400016,6.533710958000029],[6.664001942000027,6.544766903000095],[6.659275054000034,6.566762924000045],[6.655630113000029,6.584127903000024],[6.654550074999975,6.603063107000025],[6.65035390800017,6.61490106499997],[6.647744178000039,6.624865054000111],[6.64096021600011,6.63374710100004],[6.634170055000027,6.642168045000119],[6.624948978000134,6.65732193000008],[6.623282910000114,6.668653966000136],[6.615849971000159,6.68031692500017],[6.610617161000107,6.699322223000024],[6.613140107000106,6.726963996000165],[6.616909981000106,6.746047020000105],[6.621961117000069,6.758649826000124],[6.622136116000092,6.769489766000163],[6.62375020900015,6.778100967000057],[6.625670909000064,6.788344860000052],[6.62076902400014,6.79927396700009],[6.612535954000123,6.804257870000072],[6.604990005000104,6.82307291],[6.621059895000144,6.846100806000038],[6.627344132000076,6.863526821000107],[6.639852046000044,6.88038396800016],[6.646787166000081,6.895261765000043],[6.65074777600006,6.911804200000176],[6.656599046000167,6.916780948000053],[6.659307003000094,6.927116870000077],[6.666322231000038,6.947066785000061],[6.670659065000052,6.958298206000052],[6.670783996000182,6.959616185000129],[6.671493054000052,6.967050076000135],[6.672648908000099,6.981564046000074],[6.673299789000055,6.993319035000184],[6.672554971000068,7.004405022000071],[6.671520233000081,7.01180505800005],[6.669662953000056,7.025447845000031],[6.673426152000104,7.033351898000092],[6.701774120000152,7.028328895000016],[6.725421906000122,7.021475792000103],[6.741374016000179,7.016209125000159],[6.750432968000098,7.013218880000124],[6.782393933000151,7.006683826000142],[6.808088779000059,6.997954845000095],[6.835450172000037,6.992421150000041],[6.845056057000022,6.987191200000041],[6.850967884000056,6.98202180800007],[6.859995842000046,6.983942985000169],[6.871405124000148,6.990431787000034],[6.87750005700002,6.996318818000134],[6.887831211000048,6.993379115000039],[6.902119160000154,6.992445946000146],[6.906237126000178,6.990302086000042],[6.903810025000155,6.982970237000131],[6.897077084000045,6.980319023000163],[6.893752099000039,6.974383832000171],[6.899555206000116,6.962303161000079],[6.91299009300019,6.951477051000097],[6.93617391600003,6.944402218000164],[6.944966793000049,6.931809902000055],[6.954915046999986,6.919199944000184],[6.958888053000123,6.90807294800004],[6.9623517980001,6.894187927000189],[6.964204788000075,6.880333900000096],[6.96585512200005,6.868321895000179],[6.968180179000115,6.855148793000012],[6.968426228000169,6.846487999000033],[6.967174054000111,6.847813129000087],[6.964715004000027,6.8529310240001],[6.957143784000095,6.855827809000061],[6.95000600700007,6.857104779000053],[6.943250178000028,6.853295803000037],[6.939899921,6.845971108000128],[6.935074805000113,6.833135129000084],[6.931892871000116,6.82188510900005],[6.922154904000024,6.80497789400016],[6.919261932000154,6.797413827000184],[6.916864872000019,6.791919232000055],[6.907247066000082,6.782394886000134],[6.905935764000105,6.776175022000132]]]}},{"type":"Feature","properties":{"lga_name":"Idah","source_name":"Idah","state":"Kogi","country":"Nigeria","role":"reference_lga_overlay"},"geometry":{"type":"Polygon","coordinates":[[[6.673426152000104,7.033351898000092],[6.677070140000183,7.041009902000042],[6.681365966000158,7.049703122000096],[6.684370042000012,7.064185143000088],[6.690805911000098,7.076763153000059],[6.695849895000151,7.088905811000188],[6.696241855999972,7.100924015000032],[6.714218141000117,7.098855020000144],[6.722516060000032,7.098485948000189],[6.733510970000054,7.093689918000166],[6.74741983399997,7.083546163000108],[6.748572825999986,7.06924009300019],[6.742918968000083,7.061962129000051],[6.734035015000188,7.054739953000023],[6.736258984000074,7.049634934000153],[6.734001160000105,7.038380146000065],[6.732947826000043,7.030334949000121],[6.733535766000159,7.023872852000011],[6.733057021000093,7.022728920000077],[6.737168789000123,7.020355224000127],[6.741374016000179,7.016209125000159],[6.725421906000122,7.021475792000103],[6.701774120000152,7.028328895000016],[6.673426152000104,7.033351898000092]]]}},{"type":"Feature","properties":{"lga_name":"Igalamela-Odolu","source_name":"Igalamela-Odolu","state":"Kogi","country":"Nigeria","role":"reference_lga_overlay"},"geometry":{"type":"Polygon","coordinates":[[[6.696241855999972,7.100924015000032],[6.69630384400017,7.102737904000094],[6.700966835000031,7.119962216000033],[6.698900223000123,7.134993076000114],[6.697029113000042,7.147715092000055],[6.696911812000167,7.154867172000081],[6.697447777000036,7.162139893000131],[6.699654103000171,7.168227196000089],[6.713960171000053,7.182732105000014],[6.716765880000139,7.184988020999981],[6.719138146000148,7.189096929000129],[6.722053051000159,7.198264123000172],[6.726381778000132,7.209019185000045],[6.730700016000185,7.21931600500011],[6.736195088000102,7.230974198000069],[6.737975121000034,7.241312028000095],[6.740011215000095,7.25302887],[6.741120815999977,7.264532089000113],[6.746480942000119,7.267896176000022],[6.749205113000187,7.265086174000032],[6.75930595400007,7.262149812000075],[6.767404080000063,7.249339104000057],[6.778097151999987,7.240172862000179],[6.788817882000103,7.232616901000142],[6.813118935000034,7.223219873000176],[6.83462476800014,7.212255001000131],[6.851430893000099,7.210128784000119],[6.874588966000147,7.201440812000158],[6.886730194000165,7.196165085000189],[6.907536030000188,7.18475294000018],[6.927856922000046,7.171734810000032],[6.95459079699998,7.170129777000056],[6.978866100000118,7.173405171000127],[7.002007007000145,7.177852154000107],[7.015924931000086,7.182685853000123],[7.034676075000107,7.186745166000151],[7.040585041000156,7.195401192000134],[7.042121886000075,7.20482301800007],[7.041593074000161,7.214970111000071],[7.041781903000071,7.226718902000016],[7.041467190000049,7.235710145000098],[7.045022965000044,7.241642951000188],[7.048039913000082,7.242743015000087],[7.062695025000096,7.236042976000022],[7.073913098000048,7.230782987000111],[7.089931011000147,7.22267818500012],[7.111359120000031,7.221161844000164],[7.130034923000096,7.220614911000098],[7.142539979000048,7.22363090500005],[7.158428191000155,7.221747876000109],[7.175245762000145,7.220310211000083],[7.18770408600011,7.220327855000164],[7.202651978,7.217543124000031],[7.216857909000112,7.211542130000169],[7.229488849000177,7.19381523200019],[7.247957229000065,7.180369855000151],[7.262822151000023,7.172282218000078],[7.286952971000176,7.166804791000061],[7.302528859000176,7.170877933000099],[7.302903176000143,7.168838024000024],[7.298316956000122,7.156242847000158],[7.289750100000049,7.140029907000041],[7.279108048000069,7.123849869000139],[7.280517102000147,7.111153126000033],[7.284047127000065,7.101185799000177],[7.292232036000087,7.09390401800016],[7.307385921000048,7.089498997000078],[7.317504883000083,7.087485790000017],[7.333826065000153,7.083982945],[7.344646930000067,7.082645893000063],[7.353323936000038,7.077200890000142],[7.356594085000154,7.074785232000067],[7.34840822100017,7.066476823000187],[7.344836236000106,7.06476783800008],[7.343756198000108,7.064250946000129],[7.34303998900009,7.06390714700018],[7.339567184000089,7.062244892000081],[7.333071232000123,7.060279847000118],[7.32912397500013,7.058962823],[7.322158813000044,7.056544780000081],[7.314733983000167,7.054133892000038],[7.308926106000058,7.051925183000037],[7.302814007000165,7.04510784200005],[7.298124790000031,7.040804863000062],[7.293394088000127,7.033734799000058],[7.286310195999988,7.023934842000187],[7.280186177000189,7.016905785000063],[7.278781891000165,7.015296937000187],[7.278073788000086,7.013668061000089],[7.275187970000104,7.007052898000097],[7.270470141999965,7.000902175000022],[7.259922982000035,6.990932941000096],[7.249092102000077,6.977966785000035],[7.239693164000073,6.967744827000161],[7.226506234,6.951820850000047],[7.215988159000062,6.943696022000154],[7.209105016000137,6.932048798000153],[7.183882236000102,6.914251805000106],[7.176821233000169,6.91163683000002],[7.171774864000156,6.909770965000064],[7.170178889,6.909177780000107],[7.160160065000071,6.903583050000123],[7.148477077000109,6.895016193000174],[7.137742997000146,6.887815953000029],[7.128640175000157,6.881742001000021],[7.120223046000149,6.875195980000058],[7.112516880000044,6.869790077000175],[7.108719827000073,6.86339521400015],[7.102865220000126,6.858189105000065],[7.096536159000038,6.852297784000143],[7.088826180000126,6.846662045000016],[7.081556797000189,6.839634896000121],[7.076803207000182,6.831179142000167],[7.071850777,6.824804783000047],[7.064329147000137,6.816397190000146],[7.054470062000178,6.806414127000039],[7.049043178000034,6.799122810000085],[7.044347763000133,6.794360162000032],[7.038958073,6.789375783000025],[7.032156944000121,6.78280210500003],[7.02100276900012,6.778378963000137],[7.012215137000112,6.777373791000116],[7.000989914000115,6.782870771000034],[6.995602131000112,6.79242277100002],[6.98999118800009,6.802436828000054],[6.980428218000043,6.810674191000089],[6.979602814000145,6.815412045000073],[6.967551232000062,6.816218853],[6.968183994000185,6.826807977000101],[6.969079971000156,6.839464188000022],[6.968473912000036,6.844773769000142],[6.968426228000169,6.846487999000033],[6.968180179000115,6.855148793000012],[6.96585512200005,6.868321895000179],[6.964204788000075,6.880333900000096],[6.9623517980001,6.894187927000189],[6.958888053000123,6.90807294800004],[6.954915046999986,6.919199944000184],[6.944966793000049,6.931809902000055],[6.93617391600003,6.944402218000164],[6.91299009300019,6.951477051000097],[6.899555206000116,6.962303161000079],[6.893752099000039,6.974383832000171],[6.897077084000045,6.980319023000163],[6.903810025000155,6.982970237000131],[6.906237126000178,6.990302086000042],[6.902119160000154,6.992445946000146],[6.887831211000048,6.993379115000039],[6.87750005700002,6.996318818000134],[6.871405124000148,6.990431787000034],[6.859995842000046,6.983942985000169],[6.850967884000056,6.98202180800007],[6.845056057000022,6.987191200000041],[6.835450172000037,6.992421150000041],[6.808088779000059,6.997954845000095],[6.782393933000151,7.006683826000142],[6.750432968000098,7.013218880000124],[6.741374016000179,7.016209125000159],[6.737168789000123,7.020355224000127],[6.733057021000093,7.022728920000077],[6.733535766000159,7.023872852000011],[6.732947826000043,7.030334949000121],[6.734001160000105,7.038380146000065],[6.736258984000074,7.049634934000153],[6.734035015000188,7.054739953000023],[6.742918968000083,7.061962129000051],[6.748572825999986,7.06924009300019],[6.74741983399997,7.083546163000108],[6.733510970000054,7.093689918000166],[6.722516060000032,7.098485948000189],[6.714218141000117,7.098855020000144],[6.696241855999972,7.100924015000032]]]}},{"type":"Feature","properties":{"lga_name":"Ijumu","source_name":"Ijumu","state":"Kogi","country":"Nigeria","role":"reference_lga_overlay"},"geometry":{"type":"Polygon","coordinates":[[[5.811425209000106,7.756145954999965],[5.801577090000137,7.757491111000093],[5.791730881000035,7.762503148000064],[5.785360813000182,7.765904903000092],[5.800283908999972,7.771258831000068],[5.805939197000043,7.778535842000053],[5.813394069000083,7.797305107000057],[5.816090108000139,7.807167054000047],[5.819561005000025,7.822085858000037],[5.817303180000124,7.839405059000171],[5.81513500300008,7.847966195000083],[5.810979842999984,7.862092018000112],[5.809255123000128,7.869493962000092],[5.808255196000061,7.873084068000082],[5.813067913000111,7.87703418699999],[5.818687917000034,7.882238866000137],[5.822241783000095,7.887938976000157],[5.828549862000045,7.892900944000189],[5.836046218000035,7.899916172000133],[5.848082067000121,7.916763782000032],[5.863100053000153,7.932407857000044],[5.868910789999973,7.949361802000112],[5.880539895000027,7.969440938000048],[5.895699977999982,7.994070054000076],[5.902906896000161,8.011690140000098],[5.905549050000104,8.018098830000099],[5.907496929000047,8.024514198000134],[5.922105788000067,8.043392181000058],[5.946475030000045,8.066713333],[5.960799216000055,8.082367897000154],[5.97626590800013,8.097316742000032],[5.994378090000168,8.104612351000185],[6.001784801999975,8.10615539600002],[6.001676082000074,8.099417686000152],[6.006794929000023,8.087809562000189],[6.009582042000147,8.074859619999984],[6.023890018000031,8.046737672],[6.038133145000188,8.028754234000132],[6.049420834000045,7.999300004000077],[6.050539970999978,7.982920169000067],[6.051999092000187,7.958933830000035],[6.044367790000081,7.929337977999978],[6.038896083000054,7.904775143000052],[6.030317784000033,7.87358522400018],[6.023888110000087,7.846964836000097],[6.017848013999981,7.830015182000125],[6.008871079000187,7.817032814000129],[6.003142833000027,7.805150032000142],[6.013218880000124,7.786314964000098],[6.012780189000182,7.773419857000135],[6.034233091999965,7.744946003],[6.043572902000051,7.737644196000076],[6.055740833000073,7.733982087000015],[6.066524028000117,7.730343819000097],[6.076712132000182,7.71842003],[6.081778050000139,7.703587055000128],[6.085827827000116,7.69729709700016],[6.087100029000055,7.690362930000106],[6.086081027000091,7.684388160000083],[6.089121819000184,7.672815800000024],[6.098935127000118,7.666197778000139],[6.108733178000023,7.658658027000058],[6.112957000999984,7.654541969000036],[6.10567903499998,7.655255795000073],[6.09522295000005,7.650591851],[6.064795972000127,7.637744904000101],[6.039228916000184,7.625964164999971],[6.01901102100004,7.616860866000025],[6.00231790600003,7.607332230000168],[5.990280152000025,7.618853092000052],[5.980277061000095,7.628482818000123],[5.972968101000163,7.633452893000026],[5.959725856000091,7.642674923000072],[5.948122977000082,7.653254986000036],[5.942284106000045,7.663504123999985],[5.931827068000075,7.673603057999969],[5.930045128000074,7.676373959000045],[5.926421165000022,7.682001114000116],[5.915113925000071,7.696726799000032],[5.915513039000018,7.707100869000044],[5.915915966000057,7.717936040000097],[5.919270993000112,7.725493909000079],[5.92022419,7.74162578500011],[5.921971797000083,7.749900818000071],[5.922770024000158,7.756347180000034],[5.926578045000042,7.763434887000187],[5.920403958000122,7.767231942000024],[5.909358978000057,7.769495011000117],[5.898064136000016,7.770608903000095],[5.886054993000187,7.770353794000016],[5.876564979000136,7.768901825000057],[5.868193149000035,7.765120983000031],[5.859406948000014,7.764348984000037],[5.850849151000091,7.763340950000099],[5.84251022300009,7.76163721],[5.835546970000109,7.759449005000079],[5.826971055000115,7.757287979000125],[5.817012786000078,7.755383015000064],[5.811425209000106,7.756145954999965]]]}},{"type":"Feature","properties":{"lga_name":"Kabba/Bunu","source_name":"Kabba/Bu","state":"Kogi","country":"Nigeria","role":"reference_lga_overlay"},"geometry":{"type":"Polygon","coordinates":[[[6.112957000999984,7.654541969000036],[6.108733178000023,7.658658027000058],[6.098935127000118,7.666197778000139],[6.089121819000184,7.672815800000024],[6.086081027000091,7.684388160000083],[6.087100029000055,7.690362930000106],[6.085827827000116,7.69729709700016],[6.081778050000139,7.703587055000128],[6.076712132000182,7.71842003],[6.066524028000117,7.730343819000097],[6.055740833000073,7.733982087000015],[6.043572902000051,7.737644196000076],[6.034233091999965,7.744946003],[6.012780189000182,7.773419857000135],[6.013218880000124,7.786314964000098],[6.003142833000027,7.805150032000142],[6.008871079000187,7.817032814000129],[6.017848013999981,7.830015182000125],[6.023888110000087,7.846964836000097],[6.030317784000033,7.87358522400018],[6.038896083000054,7.904775143000052],[6.044367790000081,7.929337977999978],[6.051999092000187,7.958933830000035],[6.050539970999978,7.982920169000067],[6.049420834000045,7.999300004000077],[6.038133145000188,8.028754234000132],[6.023890018000031,8.046737672],[6.009582042000147,8.074859619999984],[6.006794929000023,8.087809562000189],[6.001676082000074,8.099417686000152],[6.001784801999975,8.10615539600002],[6.018912792000151,8.109726906000105],[6.030715942000143,8.11205959300014],[6.033397198000102,8.121002197],[6.029251098999964,8.135587693000161],[6.026922227,8.148530960000016],[6.026096821000124,8.168822288000115],[6.025691032000054,8.172286988000053],[6.029725076000034,8.179128646000038],[6.035616875000187,8.186863899000116],[6.035521030000154,8.19516182000001],[6.035203933000105,8.204154014000096],[6.034433842000055,8.213611604000164],[6.036256790000095,8.226484300000152],[6.038080215000093,8.239356995000037],[6.04267311000001,8.252183914000057],[6.051187992000052,8.265172958000107],[6.054441929000063,8.281017303],[6.056022168000027,8.293202401000144],[6.051842212000167,8.305715560000124],[6.04416799500018,8.31621360700018],[6.044005869999978,8.316334725000104],[6.042870999000172,8.321537972000101],[6.041183948000082,8.331473350000067],[6.040215970000133,8.342780114000163],[6.042934895000087,8.35402488699998],[6.045186996000041,8.36481380500004],[6.047985076999964,8.373558999000124],[6.049297810000155,8.373388291000026],[6.065482139000153,8.37472915700016],[6.076609135000126,8.37753868100009],[6.098145007000142,8.381554604000087],[6.101335049000113,8.393264769999973],[6.109219074000066,8.408613205000108],[6.109556199000167,8.40819454199999],[6.114861965000046,8.408106803000123],[6.120147228000121,8.406864167000151],[6.127050877000158,8.40582466100011],[6.134469032000084,8.408233642000027],[6.141005993000135,8.412962913000115],[6.146135806000132,8.416332246000081],[6.154745102000163,8.420793533000165],[6.163957119000031,8.419946671000105],[6.173626899000055,8.418862342000182],[6.192502976000185,8.416240692000144],[6.204934121000122,8.414645195000048],[6.22108984100015,8.41529274000004],[6.254262925000091,8.398139954000158],[6.278790952000122,8.374219895000124],[6.289495945999988,8.36574745300004],[6.303134918000183,8.353304863000119],[6.324514867000175,8.334508897000148],[6.33969402300005,8.317428588999974],[6.359024047000162,8.300049782000087],[6.370775222000134,8.285105705000092],[6.390314103000037,8.25228691100017],[6.406620979000138,8.233576775000131],[6.418467999000029,8.21010399],[6.426780224000026,8.196368219000135],[6.436297893000187,8.185837745000129],[6.452116966000119,8.165521621000096],[6.466951847000189,8.141308784000046],[6.46733284000004,8.122178077000171],[6.466279983000049,8.114130020000118],[6.455414771000051,8.098415374000183],[6.451878070000078,8.09363556000011],[6.450006961999975,8.09205436799999],[6.445199967000065,8.080155373000025],[6.430037022000022,8.055526734000182],[6.425323963000096,8.035100937000095],[6.416326047000041,8.020735741000067],[6.418014049000078,8.011029244000099],[6.426135064000107,7.985314846000051],[6.432880878000162,7.97460079200016],[6.44240999200008,7.950477124000031],[6.449489116000109,7.931694031000177],[6.445532798000158,7.915400983000154],[6.428954124000143,7.903008937000152],[6.412006855000072,7.910668851000082],[6.391465187000108,7.924149990000103],[6.378801823000174,7.94003391200016],[6.357326030000081,7.96712589399999],[6.34204578399999,7.977982998000016],[6.323604107000108,7.993043899000156],[6.309265137000125,8.005037308000112],[6.299936771000148,8.013030053000023],[6.279893876000074,8.029038430000185],[6.256022930000142,8.05064010700005],[6.244356156000094,8.056597709000073],[6.235649108000132,8.060434342000178],[6.223241806000146,8.06340789799998],[6.205167770000173,8.058414459000119],[6.195785045000036,8.048896791000061],[6.191676140000141,8.037214279000125],[6.194053174000032,8.027264595000076],[6.196678162000126,8.018465995000042],[6.202489854000135,8.007077216000141],[6.207475185000078,8.001462936000166],[6.219656944000178,7.98443317499999],[6.220434190000162,7.975434781000104],[6.221886158000075,7.965272905000063],[6.224713803000157,7.954854966000084],[6.22438812300004,7.948870181000075],[6.227225781000186,7.938914777000036],[6.23453521800019,7.934412956000131],[6.241837025000109,7.92945194399999],[6.246190072000104,7.927762985000129],[6.256744861000072,7.924128057000132],[6.268227100000047,7.920938970000122],[6.278927802999988,7.912230014000045],[6.293058873000177,7.90162277200011],[6.292498112000089,7.895410061000064],[6.306034088000047,7.876519203000043],[6.300645829000189,7.857254983000189],[6.303296090000174,7.850067139000032],[6.300609112000075,7.840665818000105],[6.299787044000084,7.832612991000019],[6.297392846000037,7.827354907000029],[6.300230979000162,7.81739997800014],[6.298769951000054,7.812586785000065],[6.296277046000114,7.801106930000117],[6.293188094000129,7.795628070000134],[6.290391923000129,7.793831825999973],[6.286437988000102,7.789279938000107],[6.284278869000104,7.786794186000179],[6.277029037000091,7.780694961000108],[6.267464161000078,7.773943902000099],[6.260437012000125,7.76738214400018],[6.25405597800011,7.758041859000173],[6.251170158000093,7.750717163000047],[6.248495102000049,7.74223709100005],[6.247588157000052,7.728888035000068],[6.245076180000183,7.716259004000108],[6.246613979000131,7.697338104999972],[6.248984813000163,7.686929227000121],[6.249036788000126,7.675868034000189],[6.245477199000049,7.669707775],[6.234291077000137,7.662754059],[6.229760169999963,7.667900085000042],[6.219884872000023,7.670600892000095],[6.209556103000125,7.67377090500014],[6.19919681500005,7.675099850000038],[6.186981202000027,7.675767899000164],[6.170609950000085,7.676273823000088],[6.156926154000132,7.671668052000143],[6.145769119000079,7.66655779000007],[6.134848117000104,7.661674022999989],[6.127867222000077,7.657874108000101],[6.114201069000103,7.654418946000021],[6.112957000999984,7.654541969000036]]]}},{"type":"Feature","properties":{"lga_name":"Kogi (Koton Karfe)","source_name":"Kotonkar","state":"Kogi","country":"Nigeria","role":"reference_lga_overlay"},"geometry":{"type":"Polygon","coordinates":[[[6.834949971000128,8.40681171500006],[6.8378272060001,8.407242775000043],[6.846819877000144,8.40662670100005],[6.856951237000146,8.404841423000107],[6.858612060000155,8.404886245000114],[6.867114067999978,8.405127526000058],[6.874258995000105,8.40431404100002],[6.87435913000013,8.40444374100008],[6.874965191000058,8.405222893000087],[6.882616044000088,8.407170297000107],[6.884654045000048,8.40741062300009],[6.896264076000136,8.40878296],[6.908689976000062,8.406265259000179],[6.923898221000115,8.404389381000044],[6.93937396900003,8.404817581000088],[6.949890137000068,8.404490471000031],[6.955525876000024,8.40431404100002],[6.964859008000076,8.410383224999975],[6.96920681000006,8.410850524000011],[6.978153228999986,8.411814689000153],[6.978034972999978,8.411311151000064],[6.97238016099999,8.389952660000063],[6.968352794000111,8.369258880000075],[6.959983825000165,8.351406098000155],[6.95241022200014,8.339771271000131],[6.943424224000069,8.326542854000138],[6.943429947000084,8.31270027200003],[6.947925090000126,8.305009842000175],[6.949403764000067,8.29644870800007],[6.956614972000068,8.285484315000133],[6.964373113000079,8.279813766000188],[6.971882820000133,8.272996902000159],[6.975381851,8.26093959900004],[6.97791385700009,8.260437011000022],[6.991941930000053,8.242664338000054],[6.993079186000159,8.22718620300003],[6.990984917000162,8.21176624300017],[7.000403881000182,8.194763184000067],[7.000366212000188,8.177925110000103],[6.997350216000029,8.16274833600005],[7.000731944000051,8.14331245500017],[6.99655914300007,8.127927779000174],[6.992568969000104,8.109539985000026],[6.98985385899999,8.098743439000032],[6.989862920000121,8.099204063000172],[6.981733799000153,8.067507743000021],[6.983179092000114,8.04256534700005],[6.981824875000029,8.015826226000172],[6.981212139000149,7.992074966000189],[6.955150128000184,7.965067863000172],[6.941441058000066,7.930925846000093],[6.937160968000171,7.894548893000035],[6.938623906000032,7.87076187100007],[6.949791907000133,7.861804962000178],[6.96351194500005,7.866782189000162],[6.956939220000038,7.856967927000085],[6.949020863000101,7.852491855000096],[6.936035157000163,7.848104954000121],[6.92514515,7.845294],[6.903828143000055,7.839433193000161],[6.888346195,7.837852954000084],[6.870759964000058,7.834464073000049],[6.854753971000036,7.828973770000118],[6.841503143000068,7.822747231000164],[6.824776172000099,7.815425873000095],[6.816390991000048,7.810499192000066],[6.802643777000185,7.80197715800017],[6.790544033,7.795499802000165],[6.778663158000143,7.788327218000177],[6.771561145000021,7.783792018000099],[6.772873879000088,7.787042140999972],[6.778975010000181,7.821962833999976],[6.779859067000018,7.847986221000156],[6.780891895000082,7.854880810000111],[6.777976991000116,7.902855873000078],[6.77543783200008,7.945526124000025],[6.774578094000162,7.963743210000075],[6.775510788000076,7.992761135000023],[6.765379906000078,8.03671169200004],[6.759263039000132,8.057785035000052],[6.751436233000049,8.07312583900017],[6.74510908100001,8.08129692100016],[6.738781929000027,8.089469910000048],[6.725382804000049,8.102598190000037],[6.717502117000038,8.114484787000094],[6.702333926999984,8.132250787000089],[6.696683884000151,8.153776168000036],[6.686995983000145,8.167997360000072],[6.680562018999979,8.198141099000054],[6.68738794300009,8.19802284400015],[6.693226815000173,8.195666313000117],[6.696332932000075,8.194410324000046],[6.69985199000007,8.197813034000035],[6.701736926000081,8.200084686000025],[6.703660966000143,8.204898834000119],[6.707284928000092,8.214756013000056],[6.707825184000058,8.218804360000092],[6.709381103999988,8.23040676100004],[6.711126804,8.242428780000068],[6.711719989000187,8.246518136000077],[6.712122918000034,8.247525216000042],[6.716047764000052,8.257287026000029],[6.720096111000089,8.264830589000098],[6.724352836000094,8.271217346000128],[6.728498935000061,8.280252457000131],[6.728661060000093,8.280603409000037],[6.731769085999986,8.28724193700009],[6.733570100000179,8.289648057000022],[6.734837055000128,8.291341782000075],[6.744501115000162,8.284734727000114],[6.746255875000031,8.28353405100006],[6.750771046000182,8.277227403000154],[6.755496978000053,8.27817535500003],[6.758182048000151,8.278715135000141],[6.758159160000048,8.28160095300018],[6.758102895000093,8.288175583000054],[6.75646781800009,8.297099114000048],[6.755557060000058,8.302062989000149],[6.755557060000058,8.306466103000162],[6.755557060000058,8.316364289000035],[6.75918102300011,8.326454162000061],[6.767085076000114,8.3297786710001],[6.773847103000151,8.33381557500013],[6.783864022000046,8.339412689000142],[6.786418914000024,8.340292930999965],[6.789845944000092,8.338157653000053],[6.792216778000125,8.339187621000178],[6.792404175000115,8.339267730000131],[6.799622058000182,8.343067170000097],[6.801241874000084,8.344335556999965],[6.807104111000115,8.348937988000046],[6.810524940999983,8.350895882000032],[6.816891194000164,8.354539871000156],[6.820186138999986,8.365095138000186],[6.821761130000027,8.370142937000082],[6.823579788000075,8.372738838000032],[6.827195167000127,8.377894402000095],[6.830391884000051,8.389092445000188],[6.830865859000085,8.390750885000102],[6.831089973000189,8.391267777000053],[6.834222794000141,8.398535729000116],[6.834949971000128,8.40681171500006]]]}},{"type":"Feature","properties":{"lga_name":"Lokoja","source_name":"Lokoja","state":"Kogi","country":"Nigeria","role":"reference_lga_overlay"},"geometry":{"type":"Polygon","coordinates":[[[6.693800926000165,7.757830144000138],[6.690578938000044,7.762169838000034],[6.683540821000065,7.783486844000095],[6.669916152000155,7.796851158000038],[6.653046132000156,7.809117795000077],[6.645309924000117,7.815931797000076],[6.62037420300004,7.814509868000073],[6.619482994000123,7.816370010000185],[6.603394985000079,7.820098877000078],[6.580613135000021,7.823479176000035],[6.560826778000092,7.826810837000096],[6.553925992000188,7.833736896000062],[6.552653790000079,7.835012913000185],[6.547010898,7.842711926000106],[6.548652172000118,7.844298841000068],[6.538641929000107,7.852993010999967],[6.52401208800012,7.847020149000173],[6.512217997999983,7.845146178000107],[6.492506027000161,7.838797093000096],[6.479544162000025,7.83602094600019],[6.466333865000081,7.832327843000087],[6.45307397900018,7.825408936000031],[6.437944890000097,7.817140103000042],[6.425836087000164,7.810203076000107],[6.415811062000159,7.803459167000142],[6.399075031000166,7.795678140000177],[6.390232086000083,7.790989876000026],[6.377674103000118,7.784751893000021],[6.366485119000174,7.777565002000188],[6.351600171000143,7.769985199000189],[6.338442802000145,7.769515991999981],[6.332017899000107,7.771698952000122],[6.32563209500006,7.776186944000017],[6.311927794999974,7.784712791000175],[6.305062771000053,7.788053990000151],[6.300674915000116,7.787899018000076],[6.29557704900003,7.786372184000072],[6.286437988000102,7.789279938000107],[6.290391923000129,7.793831825999973],[6.293188094000129,7.795628070000134],[6.296277046000114,7.801106930000117],[6.298769951000054,7.812586785000065],[6.300230979000162,7.81739997800014],[6.297392846000037,7.827354907000029],[6.299787044000084,7.832612991000019],[6.300609112000075,7.840665818000105],[6.303296090000174,7.850067139000032],[6.300645829000189,7.857254983000189],[6.306034088000047,7.876519203000043],[6.292498112000089,7.895410061000064],[6.293058873000177,7.90162277200011],[6.278927802999988,7.912230014000045],[6.268227100000047,7.920938970000122],[6.256744861000072,7.924128057000132],[6.246190072000104,7.927762985000129],[6.241837025000109,7.92945194399999],[6.23453521800019,7.934412956000131],[6.227225781000186,7.938914777000036],[6.22438812300004,7.948870181000075],[6.224713803000157,7.954854966000084],[6.221886158000075,7.965272905000063],[6.220434190000162,7.975434781000104],[6.219656944000178,7.98443317499999],[6.207475185000078,8.001462936000166],[6.202489854000135,8.007077216000141],[6.196678162000126,8.018465995000042],[6.194053174000032,8.027264595000076],[6.191676140000141,8.037214279000125],[6.195785045000036,8.048896791000061],[6.205167770000173,8.058414459000119],[6.223241806000146,8.06340789799998],[6.235649108000132,8.060434342000178],[6.244356156000094,8.056597709000073],[6.256022930000142,8.05064010700005],[6.279893876000074,8.029038430000185],[6.299936771000148,8.013030053000023],[6.309265137000125,8.005037308000112],[6.323604107000108,7.993043899000156],[6.34204578399999,7.977982998000016],[6.357326030000081,7.96712589399999],[6.378801823000174,7.94003391200016],[6.391465187000108,7.924149990000103],[6.412006855000072,7.910668851000082],[6.428954124000143,7.903008937000152],[6.445532798000158,7.915400983000154],[6.449489116000109,7.931694031000177],[6.44240999200008,7.950477124000031],[6.432880878000162,7.97460079200016],[6.426135064000107,7.985314846000051],[6.418014049000078,8.011029244000099],[6.416326047000041,8.020735741000067],[6.425323963000096,8.035100937000095],[6.430037022000022,8.055526734000182],[6.445199967000065,8.080155373000025],[6.450006961999975,8.09205436799999],[6.451878070000078,8.09363556000011],[6.455414771000051,8.098415374000183],[6.466279983000049,8.114130020000118],[6.46733284000004,8.122178077000171],[6.466951847000189,8.141308784000046],[6.452116966000119,8.165521621000096],[6.436297893000187,8.185837745000129],[6.426780224000026,8.196368219000135],[6.418467999000029,8.21010399],[6.406620979000138,8.233576775000131],[6.390314103000037,8.25228691100017],[6.370775222000134,8.285105705000092],[6.359024047000162,8.300049782000087],[6.33969402300005,8.317428588999974],[6.324514867000175,8.334508897000148],[6.303134918000183,8.353304863000119],[6.289495945999988,8.36574745300004],[6.278790952000122,8.374219895000124],[6.254262925000091,8.398139954000158],[6.22108984100015,8.41529274000004],[6.204934121000122,8.414645195000048],[6.192502976000185,8.416240692000144],[6.173626899000055,8.418862342000182],[6.163957119000031,8.419946671000105],[6.154745102000163,8.420793533000165],[6.146135806000132,8.416332246000081],[6.141005993000135,8.412962913000115],[6.134469032000084,8.408233642000027],[6.127050877000158,8.40582466100011],[6.120147228000121,8.406864167000151],[6.114861965000046,8.408106803000123],[6.109556199000167,8.40819454199999],[6.109219074000066,8.408613205000108],[6.109676838000098,8.409503935999965],[6.115119935000109,8.432019234000052],[6.11791420100019,8.433585167000047],[6.123590947000025,8.442025185000091],[6.121629237999969,8.463512422000065],[6.127832890000093,8.476095199000156],[6.129183769000065,8.488300324000022],[6.132758141000181,8.509464265000133],[6.131666183000107,8.527709008000045],[6.133812903999967,8.546357154000077],[6.138272762000042,8.565200807000167],[6.14170789800005,8.577829361000056],[6.146327972000051,8.592283249000104],[6.149755955000103,8.60445404100011],[6.153843880000181,8.614532471000189],[6.162063122000063,8.63746261599999],[6.168148040000119,8.656970024999964],[6.171154023000099,8.671684264000021],[6.175906181000187,8.679906845000119],[6.184316158000115,8.685992242000111],[6.194180964999987,8.696437835999973],[6.202967167000111,8.711514473000022],[6.207735062000154,8.720892907000064],[6.210897923000118,8.72546863700012],[6.223938942000075,8.723613740000019],[6.23566293600004,8.720416070000113],[6.246448039000086,8.716308593000178],[6.261346817000174,8.709594726000034],[6.275721073000057,8.698969840000075],[6.29128980500019,8.690857888000153],[6.307275772000139,8.679976463000173],[6.316101075000176,8.668747902000064],[6.324982165999984,8.661217689000068],[6.338410853000084,8.64922332700013],[6.34816789600012,8.63867473700003],[6.351761819000046,8.632385255000088],[6.356723786000146,8.625148774000081],[6.356814861000146,8.625012397000091],[6.357066155000155,8.624635696999974],[6.357151984000041,8.624505996000039],[6.357708930000115,8.623668672000179],[6.362285137000129,8.616792679000127],[6.363711834000128,8.614648819000024],[6.368113040000139,8.608119011000156],[6.370479106000175,8.604611396000053],[6.373567103000141,8.601002694000101],[6.379088879000108,8.594544412000062],[6.380583762000072,8.590026855000133],[6.382299899999964,8.584843635000084],[6.382348060000083,8.584703446000105],[6.38239192900005,8.584570885000062],[6.382387161000167,8.584338189000164],[6.388980865000065,8.577998162000085],[6.391236781000032,8.572731018000184],[6.392764092000164,8.56916618299999],[6.395977021000022,8.553653718000021],[6.399325848000046,8.545070649000138],[6.404403210000055,8.532054901000038],[6.410085202000175,8.512119294000172],[6.41281318700004,8.502083778999975],[6.415316105000159,8.492883683000116],[6.419977188000075,8.48126888400003],[6.421492099000091,8.476734162000184],[6.42548322600004,8.464793205000092],[6.431455136000125,8.448542595000049],[6.434031963999985,8.436502456000085],[6.442915916000175,8.429662706000101],[6.443839073000106,8.428954125000189],[6.449656009000023,8.425010680000128],[6.455714225000122,8.420907975000034],[6.468205928000145,8.413812637999968],[6.482940196000129,8.405448914000033],[6.493926048000162,8.39949131000003],[6.501666068000191,8.392601967000132],[6.501740932000189,8.392498969000144],[6.504602909000084,8.388699530999986],[6.51297187800003,8.377943992000155],[6.526164054000162,8.365493774000129],[6.530582906,8.361994743000025],[6.537789821000104,8.356294633000061],[6.539356232000102,8.354137422000179],[6.549308776000089,8.340412141000058],[6.560852051000097,8.326142312000059],[6.562194825000176,8.324574471000062],[6.569465160000163,8.316075326000032],[6.579205989000116,8.304606438000178],[6.590291976000174,8.29034423800016],[6.601077079000163,8.271935462000044],[6.61077499400011,8.257697105000148],[6.626176835000024,8.239209176000145],[6.637073993000172,8.227718353],[6.63738584500004,8.227359771000181],[6.654527186000166,8.207580567000036],[6.667129039000031,8.200076103000129],[6.670077800000172,8.198319435000087],[6.680562018999979,8.198141099000054],[6.686995983000145,8.167997360000072],[6.696683884000151,8.153776168000036],[6.702333926999984,8.132250787000089],[6.717502117000038,8.114484787000094],[6.725382804000049,8.102598190000037],[6.738781929000027,8.089469910000048],[6.74510908100001,8.08129692100016],[6.751436233000049,8.07312583900017],[6.759263039000132,8.057785035000052],[6.765379906000078,8.03671169200004],[6.775510788000076,7.992761135000023],[6.774578094000162,7.963743210000075],[6.77543783200008,7.945526124000025],[6.777976991000116,7.902855873000078],[6.780891895000082,7.854880810000111],[6.779859067000018,7.847986221000156],[6.778975010000181,7.821962833999976],[6.772873879000088,7.787042140999972],[6.771561145000021,7.783792018000099],[6.763259889000096,7.763240815000074],[6.75865221000015,7.749262810000062],[6.757299900000021,7.708502770000166],[6.759096146000104,7.686018944000011],[6.747141838000061,7.693697929000052],[6.730103015000111,7.709884167000155],[6.707892894000167,7.734456062000106],[6.700284958000054,7.749101163000091],[6.693800926000165,7.757830144000138]]]}},{"type":"Feature","properties":{"lga_name":"Mopa-Muro","source_name":"Mopa-Muro","state":"Kogi","country":"Nigeria","role":"reference_lga_overlay"},"geometry":{"type":"Polygon","coordinates":[[[6.001784801999975,8.10615539600002],[5.994378090000168,8.104612351000185],[5.97626590800013,8.097316742000032],[5.960799216000055,8.082367897000154],[5.946475030000045,8.066713333],[5.922105788000067,8.043392181000058],[5.907496929000047,8.024514198000134],[5.905549050000104,8.018098830000099],[5.902906896000161,8.011690140000098],[5.895699977999982,7.994070054000076],[5.880539895000027,7.969440938000048],[5.868910789999973,7.949361802000112],[5.863100053000153,7.932407857000044],[5.848082067000121,7.916763782000032],[5.836046218000035,7.899916172000133],[5.828549862000045,7.892900944000189],[5.822241783000095,7.887938976000157],[5.818687917000034,7.882238866000137],[5.813067913000111,7.87703418699999],[5.808255196000061,7.873084068000082],[5.805766106000021,7.881998063000026],[5.799660205000066,7.889472963000173],[5.786466122000036,7.90098714800007],[5.769083023000178,7.910267830000066],[5.763802052000131,7.911739825999973],[5.74353790300006,7.928214073000163],[5.740584850000062,7.931028842999979],[5.738136768,7.936598778000189],[5.730526923000184,7.951014042000054],[5.726723195000091,7.972507001000167],[5.726234912000052,7.985189915000092],[5.72244978000009,8.036404610000034],[5.725944041000105,8.052706719000184],[5.726296902000058,8.060303688000033],[5.732926846000055,8.070792198999982],[5.741147996000109,8.079868317000091],[5.755724907000172,8.096901893000108],[5.761643886000059,8.10624885600015],[5.773621083000137,8.119411468000123],[5.779122830000176,8.131528855000056],[5.784335137000028,8.1399688730001],[5.786087989000123,8.14846324900003],[5.786528110000063,8.16135978800014],[5.792652130000135,8.169321061000062],[5.801342011000145,8.178851128000133],[5.810927868000078,8.18675232000004],[5.821218013000134,8.195336343000179],[5.831023217000165,8.202542305000065],[5.843174934000103,8.212244035000083],[5.849989891000064,8.21996402700006],[5.856339931000036,8.227459908000014],[5.875193120000063,8.237738610000179],[5.890070915000081,8.244858741000144],[5.901275157000043,8.252965928000094],[5.911756993000097,8.259240149999982],[5.921043873000087,8.262998581000033],[5.934980869000185,8.268983841000022],[5.94823694199999,8.27544307700009],[5.961229801000059,8.280061723000188],[5.975155831000166,8.285354614000141],[5.98932504600009,8.291337014000078],[6.002543927000033,8.295722007000052],[6.017604828000117,8.299844742],[6.032001973000035,8.305590629000164],[6.040852069999971,8.310740471000145],[6.04458904300003,8.31367302000001],[6.044005869999978,8.316334725000104],[6.04416799500018,8.31621360700018],[6.051842212000167,8.305715560000124],[6.056022168000027,8.293202401000144],[6.054441929000063,8.281017303],[6.051187992000052,8.265172958000107],[6.04267311000001,8.252183914000057],[6.038080215000093,8.239356995000037],[6.036256790000095,8.226484300000152],[6.034433842000055,8.213611604000164],[6.035203933000105,8.204154014000096],[6.035521030000154,8.19516182000001],[6.035616875000187,8.186863899000116],[6.029725076000034,8.179128646000038],[6.025691032000054,8.172286988000053],[6.026096821000124,8.168822288000115],[6.026922227,8.148530960000016],[6.029251098999964,8.135587693000161],[6.033397198000102,8.121002197],[6.030715942000143,8.11205959300014],[6.018912792000151,8.109726906000105],[6.001784801999975,8.10615539600002]]]}},{"type":"Feature","properties":{"lga_name":"Ofu","source_name":"Ofu","state":"Kogi","country":"Nigeria","role":"reference_lga_overlay"},"geometry":{"type":"Polygon","coordinates":[[[6.697447777000036,7.162139893000131],[6.698389054000188,7.174913884000034],[6.696373940000058,7.178867817000025],[6.690708161000146,7.185424804000149],[6.687208175000137,7.197482109000077],[6.6857509620001,7.207426072000146],[6.677990913000087,7.212865830000112],[6.670291900000166,7.21875095300004],[6.671422005000124,7.23414421200016],[6.677822113000161,7.258921146000091],[6.68592500699998,7.274912835000123],[6.694063186000051,7.293208122000181],[6.695960045000049,7.296402932000035],[6.707485197999972,7.324317933000032],[6.711682797000094,7.355583190000061],[6.707766056000139,7.384452820000092],[6.708603858000174,7.407710075000182],[6.708073140000124,7.431913852000037],[6.707519054000102,7.440449237000109],[6.706592083000089,7.451698779000083],[6.714364052000178,7.45000982300013],[6.72705221200016,7.450024128000166],[6.73537492700018,7.451265811000098],[6.743000984000105,7.45205879299999],[6.748289108000165,7.450819015000093],[6.754672051000057,7.446331977999989],[6.759878158000163,7.44002294500018],[6.764358997999977,7.431881905000182],[6.76978492700016,7.425107956000033],[6.770348071,7.41703415000012],[6.776257993000172,7.41163396900015],[6.784061909000172,7.409197808000101],[6.792418958000155,7.412511825000081],[6.803816795000103,7.418310165000094],[6.804594992999967,7.423596860000089],[6.805535793000047,7.425983906000056],[6.807400227000073,7.425854206000167],[6.807789803000162,7.421469212000034],[6.811933040000042,7.420938015000047],[6.814928055000166,7.420657157000107],[6.819729805000065,7.418041229000039],[6.829535007000118,7.410962105000124],[6.835657119000018,7.404407025000069],[6.842496872000083,7.399452211000096],[6.847469807000095,7.393146038000111],[6.850850106000053,7.388020038000036],[6.860196114000132,7.38117981],[6.867735862000131,7.376671791000149],[6.887693882000121,7.384171010000045],[6.906439781000131,7.387769223000134],[6.920766830000105,7.389369010999985],[6.937820911000131,7.388391972000079],[6.94940614699999,7.391420842000059],[6.961183071000107,7.39214277300016],[6.967870234000145,7.392028808000077],[6.979868889000045,7.392286778000084],[6.995304107000152,7.390873909000163],[7.010304928000096,7.391308783999989],[7.020069123000155,7.395983219000129],[7.023857118000137,7.40191078100014],[7.025168896000139,7.411796094000124],[7.02732992100016,7.417058946],[7.02835321399999,7.423262119000185],[7.028251171000022,7.431097984000075],[7.032035828000062,7.43702602400009],[7.03885793600017,7.445203782000078],[7.043581962000076,7.452035905000059],[7.049219131000086,7.458162785000013],[7.05622005399999,7.46311283100016],[7.059957982000185,7.466045856000108],[7.070888997000054,7.471621037000148],[7.077365875000169,7.472662926000112],[7.084712029000116,7.470466136000084],[7.090116025000157,7.46231079100005],[7.091556072,7.451455116999966],[7.088841915000046,7.440440179000063],[7.089117051000073,7.429144860000122],[7.094545840000137,7.422373772000128],[7.097906113000079,7.416094781000083],[7.102581977000057,7.405877114000134],[7.114229202000161,7.384247781000113],[7.127768994000121,7.365587234000031],[7.137003899000092,7.351833820000024],[7.145606040000132,7.341781139000034],[7.157003879000058,7.333293916000059],[7.174698829000079,7.32907676800005],[7.196881771000164,7.331466198000044],[7.206602095999983,7.333375932000138],[7.219114780000041,7.336851120000063],[7.229606152000031,7.34358596800007],[7.23319101400017,7.351357937000159],[7.237685203000126,7.358194827999966],[7.238990784000066,7.367619992000186],[7.24282884600018,7.376772880999965],[7.247787953000056,7.383831024000187],[7.250637054000151,7.388852119000035],[7.257593155000109,7.391037941000036],[7.265892028999986,7.390667916000098],[7.27507209700002,7.387746812000159],[7.285387039999989,7.383653163000133],[7.299406052000165,7.380421162000118],[7.320858001999966,7.380289078000033],[7.338177203999976,7.381379129000095],[7.359657765000179,7.383088112000166],[7.383828163000032,7.379912853000064],[7.411084175000099,7.381987095000113],[7.436262130000102,7.384092808000162],[7.456571102000055,7.384672166000144],[7.473271847000149,7.39038086100004],[7.474240780000116,7.39312982500013],[7.474899768000114,7.393030167000063],[7.474180222000086,7.389441966999982],[7.474689961000081,7.378141879999987],[7.472194194000053,7.366434098000127],[7.471342086999982,7.356541157000038],[7.467043877000151,7.347627163000027],[7.464893817000075,7.343054771000084],[7.463654993999967,7.337777138000092],[7.454516888000114,7.32894516000016],[7.446123122000131,7.323558807000097],[7.438456058000099,7.320231914000033],[7.429203034000125,7.318544864999978],[7.418539047000024,7.315269946],[7.410170078000078,7.31126308600011],[7.405508994000058,7.308345794000161],[7.403800011000158,7.30261421300014],[7.402056217000109,7.294579984000165],[7.402656078000064,7.288808823000068],[7.404644966000149,7.283477784000127],[7.408362865000186,7.280303954999965],[7.397636890000115,7.278065205000189],[7.387709140000084,7.277541160999988],[7.378881931000024,7.273774147000097],[7.370951175000016,7.268379211000081],[7.357514858000059,7.264918804000047],[7.350659847000145,7.254665851000027],[7.340887069000132,7.235247136000112],[7.340135098000189,7.217288017000158],[7.338826179000137,7.207631112000058],[7.332664013000112,7.197368145999974],[7.327270985000098,7.192160130000048],[7.319766044000062,7.184452056000168],[7.312735082000074,7.177658080000072],[7.304328918000181,7.171350002],[7.302528859000176,7.170877933000099],[7.286952971000176,7.166804791000061],[7.262822151000023,7.172282218000078],[7.247957229000065,7.180369855000151],[7.229488849000177,7.19381523200019],[7.216857909000112,7.211542130000169],[7.202651978,7.217543124000031],[7.18770408600011,7.220327855000164],[7.175245762000145,7.220310211000083],[7.158428191000155,7.221747876000109],[7.142539979000048,7.22363090500005],[7.130034923000096,7.220614911000098],[7.111359120000031,7.221161844000164],[7.089931011000147,7.22267818500012],[7.073913098000048,7.230782987000111],[7.062695025000096,7.236042976000022],[7.048039913000082,7.242743015000087],[7.045022965000044,7.241642951000188],[7.041467190000049,7.235710145000098],[7.041781903000071,7.226718902000016],[7.041593074000161,7.214970111000071],[7.042121886000075,7.20482301800007],[7.040585041000156,7.195401192000134],[7.034676075000107,7.186745166000151],[7.015924931000086,7.182685853000123],[7.002007007000145,7.177852154000107],[6.978866100000118,7.173405171000127],[6.95459079699998,7.170129777000056],[6.927856922000046,7.171734810000032],[6.907536030000188,7.18475294000018],[6.886730194000165,7.196165085000189],[6.874588966000147,7.201440812000158],[6.851430893000099,7.210128784000119],[6.83462476800014,7.212255001000131],[6.813118935000034,7.223219873000176],[6.788817882000103,7.232616901000142],[6.778097151999987,7.240172862000179],[6.767404080000063,7.249339104000057],[6.75930595400007,7.262149812000075],[6.749205113000187,7.265086174000032],[6.746480942000119,7.267896176000022],[6.741120815999977,7.264532089000113],[6.740011215000095,7.25302887],[6.737975121000034,7.241312028000095],[6.736195088000102,7.230974198000069],[6.730700016000185,7.21931600500011],[6.726381778000132,7.209019185000045],[6.722053051000159,7.198264123000172],[6.719138146000148,7.189096929000129],[6.716765880000139,7.184988020999981],[6.713960171000053,7.182732105000014],[6.699654103000171,7.168227196000089],[6.697447777000036,7.162139893000131]]]}},{"type":"Feature","properties":{"lga_name":"Ogori/Magongo","source_name":"Ogori/Magongo","state":"Kogi","country":"Nigeria","role":"reference_lga_overlay"},"geometry":{"type":"Polygon","coordinates":[[[6.234084130000156,7.453112125000132],[6.233724118000055,7.45298194899999],[6.224849224000081,7.446675778000042],[6.217191220000075,7.444266796000022],[6.198394775000168,7.438358784000059],[6.189568043000065,7.435050011000101],[6.180959225000095,7.430812834999983],[6.166090011000108,7.425066949000097],[6.16300010599997,7.419583797000087],[6.154748917,7.423415184000135],[6.145796775000065,7.426567079000051],[6.136311052999986,7.425345897000113],[6.128507136999986,7.42824697500015],[6.123281002000056,7.433409214000164],[6.121907233000172,7.434126853000123],[6.111163139999974,7.440767765000146],[6.109682083000109,7.449099065000098],[6.106586933000187,7.457688809999979],[6.106761933000087,7.468527795],[6.106634140000097,7.474989891000178],[6.110320090000073,7.488767146000157],[6.115598202000115,7.501135826000166],[6.118659019000177,7.504776000999982],[6.121582985000146,7.511819839000168],[6.133542061000071,7.509429932000046],[6.139664173000142,7.504531860000156],[6.150681019000046,7.500860215000046],[6.147006989000033,7.494738103000088],[6.155577183000162,7.492290974000014],[6.160473823000132,7.492290974000014],[6.160473823000132,7.489840031000028],[6.161697865000178,7.482494832000043],[6.170268059000136,7.480047225000135],[6.184958935000111,7.482494832000043],[6.195979119000128,7.476373195000065],[6.203323841000099,7.46535778100008],[6.208220005000044,7.458010197000021],[6.209444045000055,7.453112125000132],[6.224134921000029,7.450664043000074],[6.227808953000078,7.453112125000132],[6.234084130000156,7.453112125000132]]]}},{"type":"Feature","properties":{"lga_name":"Okehi","source_name":"Okehi","state":"Kogi","country":"Nigeria","role":"reference_lga_overlay"},"geometry":{"type":"Polygon","coordinates":[[[6.079300881000052,7.539167881000083],[6.085023880000108,7.552412033000053],[6.084633827000062,7.556801797000162],[6.080350876000182,7.563333988000181],[6.069130897000093,7.569063186000108],[6.062415123000051,7.567790986000034],[6.054994107000141,7.565612792000081],[6.050817967000057,7.56452989600001],[6.040867806000051,7.563085079000132],[6.029232978000152,7.571818828000062],[6.028376103000085,7.573422908000055],[6.022511005000069,7.584390164000126],[6.02461290399998,7.585969926000132],[6.01983976300005,7.590666771000144],[6.01187896700003,7.598184108000169],[6.00231790600003,7.607332230000168],[6.01901102100004,7.616860866000025],[6.039228916000184,7.625964164999971],[6.064795972000127,7.637744904000101],[6.09522295000005,7.650591851],[6.10567903499998,7.655255795000073],[6.112957000999984,7.654541969000036],[6.114201069000103,7.654418946000021],[6.127867222000077,7.657874108000101],[6.134848117000104,7.661674022999989],[6.145769119000079,7.66655779000007],[6.156926154000132,7.671668052000143],[6.170609950000085,7.676273823000088],[6.186981202000027,7.675767899000164],[6.19919681500005,7.675099850000038],[6.209556103000125,7.67377090500014],[6.219884872000023,7.670600892000095],[6.229760169999963,7.667900085000042],[6.234291077000137,7.662754059],[6.245477199000049,7.669707775],[6.249036788000126,7.675868034000189],[6.248984813000163,7.686929227000121],[6.246613979000131,7.697338104999972],[6.245076180000183,7.716259004000108],[6.247588157000052,7.728888035000068],[6.248495102000049,7.74223709100005],[6.251170158000093,7.750717163000047],[6.25405597800011,7.758041859000173],[6.260437012000125,7.76738214400018],[6.267464161000078,7.773943902000099],[6.277029037000091,7.780694961000108],[6.284278869000104,7.786794186000179],[6.286437988000102,7.789279938000107],[6.29557704900003,7.786372184000072],[6.300674915000116,7.787899018000076],[6.305062771000053,7.788053990000151],[6.311927794999974,7.784712791000175],[6.32563209500006,7.776186944000017],[6.332017899000107,7.771698952000122],[6.338442802000145,7.769515991999981],[6.351600171000143,7.769985199000189],[6.366485119000174,7.777565002000188],[6.377674103000118,7.784751893000021],[6.390232086000083,7.790989876000026],[6.399075031000166,7.795678140000177],[6.415811062000159,7.803459167000142],[6.425836087000164,7.810203076000107],[6.437944890000097,7.817140103000042],[6.45307397900018,7.825408936000031],[6.466333865000081,7.832327843000087],[6.479544162000025,7.83602094600019],[6.492506027000161,7.838797093000096],[6.512217997999983,7.845146178000107],[6.52401208800012,7.847020149000173],[6.538641929000107,7.852993010999967],[6.548652172000118,7.844298841000068],[6.547010898,7.842711926000106],[6.552653790000079,7.835012913000185],[6.553925992000188,7.833736896000062],[6.547721864000039,7.829566002999968],[6.543691158000172,7.822721958000102],[6.533530236000161,7.807917119000024],[6.529159069000059,7.794398785000112],[6.523290157000133,7.788044930000069],[6.51264381500016,7.77163505599998],[6.501622201000032,7.760530948000167],[6.496640205000119,7.752089023000053],[6.485211850000155,7.744450092000079],[6.464529038000023,7.734890939000081],[6.449991227,7.720390797000107],[6.430193902000042,7.708745004000093],[6.414515972000117,7.694953918000181],[6.406561852000152,7.688175202000082],[6.39410209600004,7.673641204000148],[6.380086899000105,7.663047790000064],[6.371354102000112,7.650753974000054],[6.366758823999987,7.637697220000064],[6.36190891199999,7.623033048000025],[6.353468894000116,7.614651203000108],[6.346919059000072,7.609001160000048],[6.334596157000135,7.602987766000069],[6.321596145000058,7.597909928000036],[6.312164783000071,7.599682808000182],[6.290106772000115,7.590839863999975],[6.270588875000158,7.58218383799999],[6.254798890000131,7.575767995000035],[6.244830131000128,7.572711945000151],[6.226226806,7.577865124000084],[6.216415882000035,7.584484100999987],[6.20042514700009,7.579916000000139],[6.188186169000119,7.579201221000062],[6.176752090999969,7.571098804000144],[6.163651944000094,7.559801102000108],[6.149230956000054,7.552671910000129],[6.130232811000155,7.547463893999975],[6.122533798000063,7.546438218000048],[6.113356113000179,7.545214176],[6.090219975000082,7.540997981000146],[6.080968857000073,7.539542198000049],[6.079300881000052,7.539167881000083]]]}},{"type":"Feature","properties":{"lga_name":"Okene","source_name":"Okene","state":"Kogi","country":"Nigeria","role":"reference_lga_overlay"},"geometry":{"type":"Polygon","coordinates":[[[6.121582985000146,7.511819839000168],[6.12322187500007,7.515772819000063],[6.125809193000066,7.518725872000061],[6.125897885000143,7.524261952000131],[6.12139892700003,7.531488895999985],[6.11768102700006,7.530169964000152],[6.112802029000136,7.52817583000018],[6.102376938000077,7.526047230000074],[6.086237907000111,7.527475835000075],[6.078790188000028,7.537984848000121],[6.079300881000052,7.539167881000083],[6.080968857000073,7.539542198000049],[6.090219975000082,7.540997981000146],[6.113356113000179,7.545214176],[6.122533798000063,7.546438218000048],[6.122082234000175,7.542761804000122],[6.130249023999966,7.534099103000074],[6.13597583700016,7.531696797000052],[6.139438152000025,7.531871796000075],[6.139667988000042,7.531865121000124],[6.149395943000115,7.53423595400011],[6.16145896900008,7.538409232000106],[6.17960786899999,7.533724785000175],[6.195981026000027,7.533446790000028],[6.217083931000161,7.52594709300007],[6.231772898999964,7.521319866000056],[6.255953788999989,7.504549981000139],[6.275271892000092,7.486711025000091],[6.293479920000152,7.471425056000044],[6.307485104000023,7.46726989900003],[6.317810058000077,7.463870049000093],[6.317808151000179,7.463640214000179],[6.326323032000118,7.462343215999965],[6.345204829000181,7.460410118000084],[6.363005161000046,7.462644100000034],[6.379714011000146,7.46881294300016],[6.385332107000124,7.473785877000068],[6.389823913000157,7.48062419900009],[6.391064168000014,7.485901832000025],[6.392562866000048,7.493020058000127],[6.392838954000126,7.494750024000098],[6.395326138000087,7.492742062000048],[6.40610408800012,7.488642215000027],[6.411580087000118,7.48509311700019],[6.419347763000133,7.480354787000181],[6.430685997000182,7.468180179000058],[6.437473773000136,7.460000038000089],[6.442841052,7.44954109300005],[6.452141762000053,7.439933778000182],[6.456901073000097,7.434556008000186],[6.464876174000153,7.428429126000026],[6.469603060999987,7.421206950000055],[6.473810196000045,7.410305024000024],[6.477324010000132,7.399415969000131],[6.480589866000173,7.387380123000128],[6.481157780000103,7.379766941000071],[6.483051776000138,7.368444920000059],[6.485446931000183,7.359646798000028],[6.483911037000098,7.350224972000149],[6.482659817000126,7.344255924000095],[6.481222153000033,7.340824128000179],[6.481101037000144,7.333453178000127],[6.477492810000115,7.324297904000048],[6.476788998000131,7.323618889999977],[6.476675034000095,7.323489188999986],[6.47154188200011,7.3248128890001],[6.47084903700005,7.324823856000023],[6.467206956000098,7.328114986],[6.46359682200017,7.333251954000161],[6.4625282290001,7.352880001000131],[6.45636987600011,7.357600212000023],[6.454227925000112,7.368018150000069],[6.449463845000082,7.373174192000022],[6.447051049000095,7.381060124000044],[6.445271016000163,7.385241985000107],[6.435336113000176,7.384719847999975],[6.430012226000144,7.383887769000182],[6.423106194000184,7.385159969000085],[6.410177231000034,7.385148048000076],[6.403985976000172,7.387792110000021],[6.396341800000073,7.386305810000124],[6.392076015000157,7.379459859000065],[6.388789176999978,7.379845142000079],[6.382859231000168,7.380539895000084],[6.368980885000099,7.378931047000037],[6.360626222000121,7.376303196000094],[6.355547904000048,7.37638998000017],[6.346385957000052,7.38092994800013],[6.339836120000143,7.389809132000096],[6.332674980000036,7.404004097000154],[6.323805809000135,7.412458898000068],[6.31501817700007,7.41145420099997],[6.313721179000083,7.417013169000029],[6.307131766999987,7.423585892000062],[6.304634095000097,7.426166058000035],[6.298241138000094,7.430657863000135],[6.294603825000138,7.434182168000177],[6.284194945000081,7.432975769000052],[6.279881000999978,7.437431812999989],[6.275620938000031,7.445346832000041],[6.266119003000142,7.457506181000042],[6.264135838000129,7.463308811000047],[6.258882999000093,7.466857910000158],[6.250486851000119,7.461692810000159],[6.243477822000045,7.456508160000169],[6.234084130000156,7.453112125000132],[6.227808953000078,7.453112125000132],[6.224134921000029,7.450664043000074],[6.209444045000055,7.453112125000132],[6.208220005000044,7.458010197000021],[6.203323841000099,7.46535778100008],[6.195979119000128,7.476373195000065],[6.184958935000111,7.482494832000043],[6.170268059000136,7.480047225000135],[6.161697865000178,7.482494832000043],[6.160473823000132,7.489840031000028],[6.160473823000132,7.492290974000014],[6.155577183000162,7.492290974000014],[6.147006989000033,7.494738103000088],[6.150681019000046,7.500860215000046],[6.139664173000142,7.504531860000156],[6.133542061000071,7.509429932000046],[6.121582985000146,7.511819839000168]]]}},{"type":"Feature","properties":{"lga_name":"Olamaboro","source_name":"Olamabor","state":"Kogi","country":"Nigeria","role":"reference_lga_overlay"},"geometry":{"type":"Polygon","coordinates":[[[7.687805175000108,7.115650177000077],[7.685803891000091,7.114710808000041],[7.652772903000027,7.099356174000036],[7.637391090000165,7.076086045000181],[7.63915681800006,7.04237318100013],[7.631855011000141,7.004664899000147],[7.603456975000086,7.00468778700008],[7.581565857000157,7.021671773000094],[7.56837892599998,7.020049095000104],[7.555010795000157,7.035734177000109],[7.536530019000111,7.049428939000052],[7.513823032000118,7.073115826000162],[7.500352859000145,7.082574845000067],[7.498926162000146,7.081954956000175],[7.497835160000079,7.076371194000046],[7.497704982000187,7.075698853000119],[7.497477054000115,7.075933934000091],[7.49654722300005,7.075489045000154],[7.495613099000025,7.074811936000174],[7.494450091999965,7.074369908000165],[7.493743896000183,7.074500084000135],[7.49484682100001,7.078816891000145],[7.494070054000133,7.079452038000056],[7.489744186000166,7.083218097000156],[7.47570896100018,7.100527763000116],[7.468758106000166,7.099032879000049],[7.460751058000028,7.103551865000043],[7.451109886000097,7.10717582699999],[7.445108890000085,7.107277870000189],[7.436426163000078,7.112734795000051],[7.423920153999973,7.11040782900011],[7.407474041,7.106997967000041],[7.40167284000006,7.105251790000068],[7.382895947000179,7.100495815000102],[7.377706051000075,7.093663217000028],[7.370675087000109,7.087091924000163],[7.367169856999965,7.084615230000054],[7.364109039000027,7.080745221000029],[7.357798099000092,7.076005937000104],[7.356594085000154,7.074785232000067],[7.353323936000038,7.077200890000142],[7.344646930000067,7.082645893000063],[7.333826065000153,7.083982945],[7.317504883000083,7.087485790000017],[7.307385921000048,7.089498997000078],[7.292232036000087,7.09390401800016],[7.284047127000065,7.101185799000177],[7.280517102000147,7.111153126000033],[7.279108048000069,7.123849869000139],[7.289750100000049,7.140029907000041],[7.298316956000122,7.156242847000158],[7.302903176000143,7.168838024000024],[7.302528859000176,7.170877933000099],[7.304328918000181,7.171350002],[7.312735082000074,7.177658080000072],[7.319766044000062,7.184452056000168],[7.327270985000098,7.192160130000048],[7.332664013000112,7.197368145999974],[7.338826179000137,7.207631112000058],[7.340135098000189,7.217288017000158],[7.340887069000132,7.235247136000112],[7.350659847000145,7.254665851000027],[7.357514858000059,7.264918804000047],[7.370951175000016,7.268379211000081],[7.378881931000024,7.273774147000097],[7.387709140000084,7.277541160999988],[7.397636890000115,7.278065205000189],[7.408362865000186,7.280303954999965],[7.41499710100004,7.281689167000025],[7.429344176000086,7.284440041000096],[7.450843811000027,7.287302970999974],[7.470695019000118,7.288118839000163],[7.496975898000073,7.286981106000098],[7.510807991000092,7.286517144000072],[7.528791904000173,7.285981179000032],[7.550898075000021,7.283302783000124],[7.564636231,7.291364193000106],[7.579141140000161,7.303792001000033],[7.587569238000071,7.311483861],[7.607000828000082,7.314842224000131],[7.639689923000049,7.310599805000038],[7.656752110000184,7.29579687100005],[7.671514034000154,7.295776844999978],[7.688335895000137,7.294570924000141],[7.707822800000031,7.287097931000062],[7.724359990000153,7.282669068000189],[7.74054384100009,7.284930229000111],[7.752850055000124,7.289789200000087],[7.768602848000114,7.293900967000013],[7.78982210300012,7.293542863000084],[7.814630033000185,7.287131787000021],[7.835499763000144,7.275340080000035],[7.831811905,7.264023782000038],[7.820793152000022,7.224761010000066],[7.81023120899999,7.19979477000004],[7.787415028,7.173336983000183],[7.785528184000043,7.171148778000088],[7.756785870000101,7.149721146000104],[7.73605489800002,7.138309002000028],[7.687805175000108,7.115650177000077]]]}},{"type":"Feature","properties":{"lga_name":"Omala","source_name":"Omala","state":"Kogi","country":"Nigeria","role":"reference_lga_overlay"},"geometry":{"type":"Polygon","coordinates":[[[7.665016174000073,8.020207406000111],[7.660874843000158,8.004022598000176],[7.659708023000064,7.974512100000084],[7.665087223000171,7.950195791000112],[7.663096905000145,7.912627220000047],[7.66857385600008,7.880005837000056],[7.68613004600013,7.851791859000059],[7.698906898000018,7.828041077000137],[7.723430157000053,7.802478791],[7.742557048000151,7.78600311200006],[7.754314899000178,7.756270886000095],[7.755432129000042,7.745345116000067],[7.757905007000033,7.72114515300018],[7.757583142000158,7.686776162000172],[7.754372119000095,7.645074845000067],[7.754659175000086,7.641129971000169],[7.730587005000132,7.639020919000075],[7.708178044000078,7.637094973999979],[7.685771942000031,7.635171891000141],[7.664721966000059,7.631611825000107],[7.643177986000069,7.625985146],[7.631062031000056,7.618587017000152],[7.617378235000103,7.61397981600004],[7.598598002000131,7.608075142000189],[7.582363129000044,7.602821828000174],[7.572795868000071,7.596070767000185],[7.564109800999972,7.58677005800007],[7.555362223999964,7.57355499199997],[7.547095776000106,7.561713219000126],[7.545570850000047,7.552981853000119],[7.540284157000031,7.539937974000111],[7.524903774000165,7.53029108200019],[7.508111000000156,7.519053935000102],[7.496204854000041,7.510271073000126],[7.48959302899999,7.500933171000042],[7.485622883000133,7.497776031000114],[7.481963157,7.493755817000022],[7.480493068000158,7.494406223000169],[7.478473186000031,7.497897148999982],[7.476029874000176,7.503699781000137],[7.47221279199999,7.510216236000076],[7.470540047000043,7.520843984000123],[7.46768617500004,7.529878140000164],[7.464818954000179,7.537992],[7.455438136000112,7.557044983000026],[7.448193074000187,7.579748154000129],[7.43721723499999,7.599981785000125],[7.432681083000034,7.633238793000032],[7.431149960000084,7.652618884000162],[7.430416106000109,7.678668977000029],[7.424210071000061,7.69421100600016],[7.412271023000073,7.712156774000164],[7.397224903000051,7.737295152000172],[7.390398979000111,7.743171215000075],[7.382736207000107,7.75436210700019],[7.370410919000108,7.776690006000081],[7.364291190000074,7.78347683100003],[7.34841203600007,7.814389229000142],[7.338461875,7.826772212000037],[7.335824966000075,7.833493232000137],[7.333367824000163,7.839760781000109],[7.332492828000056,7.857057094000083],[7.335038185000087,7.871761798000136],[7.336935043000153,7.889241219000155],[7.340032101000077,7.895180225000047],[7.341756822000036,7.90206289299999],[7.353267193000022,7.914772033000133],[7.36260509400006,7.921525002000124],[7.368062972000075,7.931110859000057],[7.371662140000126,7.939572811000119],[7.376193046000026,7.948715211000035],[7.377739906000158,7.958827018000079],[7.384893893000083,7.973221780000074],[7.397724152000023,7.981989860999988],[7.402431965000119,7.98790216500015],[7.41047096200009,7.999979019000023],[7.414570809000111,8.010969161000048],[7.420326233000083,8.024465561000113],[7.426154137000026,8.035486222000088],[7.45366096500004,8.039620399000114],[7.482760907000113,8.04027938900009],[7.508338928,8.037306785000169],[7.54053401900012,8.02937603100014],[7.574439048000102,8.027180671000053],[7.617764950000037,8.022290229000077],[7.665016174000073,8.020207406000111]]]}},{"type":"Feature","properties":{"lga_name":"Yagba East","source_name":"Yagba East","state":"Kogi","country":"Nigeria","role":"reference_lga_overlay"},"geometry":{"type":"Polygon","coordinates":[[[5.785360813000182,7.765904903000092],[5.77387619000018,7.772036075000074],[5.763337136000189,7.777059078000093],[5.749763012000074,7.780058861000043],[5.743058205000182,7.779483796000136],[5.733441830000061,7.784489156000063],[5.719472885000073,7.791649819000042],[5.709362984000109,7.794590949],[5.701282978000052,7.794726848000153],[5.691955091000125,7.803192139999965],[5.687643051000066,7.807879925000179],[5.677409172000182,7.817512036000153],[5.671476841000072,7.821997166000187],[5.668729782000071,7.823428153000179],[5.660155773000042,7.821497918000091],[5.657749176000095,7.821139813],[5.655992031000153,7.820878029000028],[5.650704860000076,7.822350025000162],[5.639021873000047,7.828086854000105],[5.629484176000062,7.83794021599999],[5.620910167000034,7.85031318800003],[5.617156028000181,7.860989093000057],[5.615838051000082,7.879467964000014],[5.60805988200002,7.898286821000056],[5.608046054000113,7.911666869999976],[5.609388829000125,7.923409938000134],[5.615766048000069,7.93229818400016],[5.621880055000133,7.939344882000171],[5.629126072000076,7.944757938000066],[5.636065959000064,7.959867001000077],[5.646418095000058,7.971916199000134],[5.658751965000022,7.977935791000107],[5.668053151000095,7.982161046000044],[5.674200059000157,7.991052150000087],[5.672565937000115,8.00423240800012],[5.66351080000004,8.015459061000115],[5.647644042000138,8.019419670000161],[5.640967846000024,8.020689964000098],[5.632648944000039,8.020137788000056],[5.626179219000051,8.019789697000135],[5.618999957000028,8.01852703000003],[5.610160828000119,8.017487526000139],[5.610511780000024,8.01871585900011],[5.611516952000045,8.023769378000168],[5.609910011000068,8.038541793000036],[5.60802602800004,8.050326348000112],[5.606902123000054,8.066474915000185],[5.602368833000128,8.085675239000068],[5.603073121000136,8.1006422050001],[5.60194921600015,8.116789816999983],[5.60472822100013,8.131719589],[5.613041878000104,8.146556855000028],[5.619667053000171,8.156813623000119],[5.630546093000078,8.173218727000176],[5.634647846000064,8.18443870499999],[5.643857957000137,8.197649001000059],[5.654096127000116,8.217289924000056],[5.663300991000028,8.230267525000102],[5.665252209000187,8.250973702000124],[5.662987233000024,8.282117844000027],[5.662909030000037,8.30585288900005],[5.660252094999976,8.32686424300016],[5.658005237000054,8.344876290000059],[5.651805877000129,8.360880853000083],[5.650586127000111,8.37103939100001],[5.64676618600015,8.377325058000054],[5.646739007000122,8.38999652900003],[5.649313927000037,8.406544685000028],[5.646275998000135,8.418347358],[5.646339893000174,8.436550141000055],[5.648090840000179,8.448222160000057],[5.661128999000084,8.441140176000147],[5.674232005000135,8.437457086000052],[5.702055932,8.430523873000027],[5.715548039,8.422449113000027],[5.731480121000175,8.422640801000057],[5.745306967999966,8.421019553000065],[5.758847238000158,8.415944100000104],[5.773714065000036,8.407155991000138],[5.7898159020001,8.403651237000076],[5.805081844000028,8.405237199],[5.818254947000128,8.40616703000012],[5.83789682400004,8.407213211000055],[5.849668979000171,8.407014847000028],[5.856815816000051,8.406431197000018],[5.864426135000087,8.40583896700008],[5.875368118000154,8.397116661000098],[5.88412523300002,8.396044731000075],[5.912352086000055,8.399717330000101],[5.922726155000021,8.398848534000138],[5.947415829000022,8.397963522999987],[5.952898026000184,8.394411087000094],[5.959771156000102,8.39106273700014],[5.983942033000119,8.386500358000035],[5.998219967000182,8.384409904999984],[6.011362076000182,8.383263589000023],[6.018259049000164,8.381301880000137],[6.026073932000088,8.379323007000096],[6.045149804000118,8.373922349000168],[6.047985076999964,8.373558999000124],[6.045186996000041,8.36481380500004],[6.042934895000087,8.35402488699998],[6.040215970000133,8.342780114000163],[6.041183948000082,8.331473350000067],[6.042870999000172,8.321537972000101],[6.044005869999978,8.316334725000104],[6.04458904300003,8.31367302000001],[6.040852069999971,8.310740471000145],[6.032001973000035,8.305590629000164],[6.017604828000117,8.299844742],[6.002543927000033,8.295722007000052],[5.98932504600009,8.291337014000078],[5.975155831000166,8.285354614000141],[5.961229801000059,8.280061723000188],[5.94823694199999,8.27544307700009],[5.934980869000185,8.268983841000022],[5.921043873000087,8.262998581000033],[5.911756993000097,8.259240149999982],[5.901275157000043,8.252965928000094],[5.890070915000081,8.244858741000144],[5.875193120000063,8.237738610000179],[5.856339931000036,8.227459908000014],[5.849989891000064,8.21996402700006],[5.843174934000103,8.212244035000083],[5.831023217000165,8.202542305000065],[5.821218013000134,8.195336343000179],[5.810927868000078,8.18675232000004],[5.801342011000145,8.178851128000133],[5.792652130000135,8.169321061000062],[5.786528110000063,8.16135978800014],[5.786087989000123,8.14846324900003],[5.784335137000028,8.1399688730001],[5.779122830000176,8.131528855000056],[5.773621083000137,8.119411468000123],[5.761643886000059,8.10624885600015],[5.755724907000172,8.096901893000108],[5.741147996000109,8.079868317000091],[5.732926846000055,8.070792198999982],[5.726296902000058,8.060303688000033],[5.725944041000105,8.052706719000184],[5.72244978000009,8.036404610000034],[5.726234912000052,7.985189915000092],[5.726723195000091,7.972507001000167],[5.730526923000184,7.951014042000054],[5.738136768,7.936598778000189],[5.740584850000062,7.931028842999979],[5.74353790300006,7.928214073000163],[5.763802052000131,7.911739825999973],[5.769083023000178,7.910267830000066],[5.786466122000036,7.90098714800007],[5.799660205000066,7.889472963000173],[5.805766106000021,7.881998063000026],[5.808255196000061,7.873084068000082],[5.809255123000128,7.869493962000092],[5.810979842999984,7.862092018000112],[5.81513500300008,7.847966195000083],[5.817303180000124,7.839405059000171],[5.819561005000025,7.822085858000037],[5.816090108000139,7.807167054000047],[5.813394069000083,7.797305107000057],[5.805939197000043,7.778535842000053],[5.800283908999972,7.771258831000068],[5.785360813000182,7.765904903000092]]]}},{"type":"Feature","properties":{"lga_name":"Yagba West","source_name":"Yagba West","state":"Kogi","country":"Nigeria","role":"reference_lga_overlay"},"geometry":{"type":"Polygon","coordinates":[[[5.610160828000119,8.017487526000139],[5.60697317100005,8.01711368600013],[5.596335888000056,8.016142846000093],[5.589391232000082,8.014878274000068],[5.579207897000117,8.013435364000088],[5.566907883000113,8.00949478200016],[5.560639858000059,8.007292749000158],[5.557847977000108,8.005954743000075],[5.551328181000144,8.002607347000037],[5.537596225000073,7.995689870000149],[5.53382396600017,7.990908146000095],[5.528914928000063,7.987070084000152],[5.526828766000108,7.98664379100012],[5.521803855000087,7.989960194000162],[5.517942904000108,7.993948936000152],[5.517427920000159,8.005029678000028],[5.517250062000187,8.02256775],[5.517982006000182,8.03939533300013],[5.51961279000011,8.054594040000097],[5.518362046000163,8.06291961800008],[5.523931980000043,8.064901353000039],[5.534844876000079,8.06863784799998],[5.53600692800012,8.069624902000157],[5.544676782000181,8.07700538600011],[5.548163890000069,8.092865944000039],[5.542709827000067,8.112568855000177],[5.541481972000156,8.122278214000175],[5.53493595100008,8.131614685000045],[5.516817094000089,8.139077187000055],[5.496972084000163,8.154180527000051],[5.472649097000158,8.16336155],[5.458028794000086,8.17307090700018],[5.45618009500015,8.181214333000014],[5.455873013000144,8.182565689000114],[5.430283069000097,8.199151039000128],[5.425961017000077,8.203375817000108],[5.416862965000121,8.211835861000054],[5.414687156000127,8.219947816000058],[5.415647983000099,8.222469329000035],[5.414060116000087,8.224111556000082],[5.408580780000079,8.227894783000067],[5.392631055000095,8.241086959000029],[5.376804828000104,8.261889459000088],[5.370359898000117,8.27745533100017],[5.356454849000045,8.302840233000154],[5.352727890000153,8.309279442000104],[5.345672131000129,8.321478844000183],[5.348465920000081,8.33735084500006],[5.354345798000054,8.343939781000074],[5.366789819000189,8.356878280000103],[5.38303613700009,8.37644290899999],[5.399395942000183,8.403154374000053],[5.411059856000179,8.42487239900015],[5.420070171000077,8.439482689000045],[5.44427681000019,8.466062546000046],[5.448976040000161,8.470247270000073],[5.471213817000091,8.490056991000188],[5.479988098000149,8.504441262000114],[5.496276856000179,8.512468338000076],[5.510093212000072,8.524460793000173],[5.522736072000043,8.535319329000117],[5.531075000000101,8.538784981000163],[5.531799793000118,8.539086343000065],[5.538070202000142,8.54128646900017],[5.543334961000085,8.538428307000117],[5.544834137000123,8.531252861000098],[5.554327012000158,8.518630982000161],[5.556282043000181,8.510984421000103],[5.56670904200007,8.499041557000169],[5.575106143000028,8.489899636000018],[5.586305142000185,8.482789040000057],[5.601809979000052,8.470758439000178],[5.616656780000085,8.460816383],[5.633652211000026,8.455221176000066],[5.645339966000108,8.449716568000099],[5.648090840000179,8.448222160000057],[5.646339893000174,8.436550141000055],[5.646275998000135,8.418347358],[5.649313927000037,8.406544685000028],[5.646739007000122,8.38999652900003],[5.64676618600015,8.377325058000054],[5.650586127000111,8.37103939100001],[5.651805877000129,8.360880853000083],[5.658005237000054,8.344876290000059],[5.660252094999976,8.32686424300016],[5.662909030000037,8.30585288900005],[5.662987233000024,8.282117844000027],[5.665252209000187,8.250973702000124],[5.663300991000028,8.230267525000102],[5.654096127000116,8.217289924000056],[5.643857957000137,8.197649001000059],[5.634647846000064,8.18443870499999],[5.630546093000078,8.173218727000176],[5.619667053000171,8.156813623000119],[5.613041878000104,8.146556855000028],[5.60472822100013,8.131719589],[5.60194921600015,8.116789816999983],[5.603073121000136,8.1006422050001],[5.602368833000128,8.085675239000068],[5.606902123000054,8.066474915000185],[5.60802602800004,8.050326348000112],[5.609910011000068,8.038541793000036],[5.611516952000045,8.023769378000168],[5.610511780000024,8.01871585900011],[5.610160828000119,8.017487526000139]]]}}]}